id_tramite,documento_solicitante,tipo_tramite,estado,fecha_inicio,fecha_resolucion,monto_asociado,provincia_tramite,id_persona,documento,nombre,apellido,fecha_nacimiento,email,telefono,provincia_persona,direccion
1,37894197,Baja De Comercio,En revisión,2025-05-19,,9989.48,Tucumán,486,37894197,Benicio,Diaz,1964-07-08,dgimenez@example.com,+54 9 3551 0663,Mendoza,Calle  5 N° 977
2,29234717,Reclamo Administrativo,Aprobado,2025-08-12,2026-01-24,26426.26,Buenos Aires,574,29234717,Jeronimo,Guzman,1940-05-10,,+54 15 2598 0770,Neuquén,Diag.  Alvear N° 9586
3,27544493,Baja De Comercio,Observado,2023-01-16,2023-02-21,39822.32,Salta,171,27544493,Juan Ignacio,Perez,1986-11-11,julianamorales@example.com,+54 9 3718 4992,Entre Ríos,Calle Alvear N° 242
4,44200136,Baja De Comercio,Observado,2024-11-25,2025-01-30,0.0,Santa Fe,507,44200136,Bautista,Hernandez,2006-04-19,rojasemma@example.net,+54 9 3869 0819,Buenos Aires,Blv. Alem N° 67
5,27811165,Renovación De Licencia,En revisión,2025-03-07,,0.0,Tucumán,4,27811165,Mateo Benjamin,Martinez,1969-05-15,juan-sebastian83@example.net,+54 9 3203 0564,Córdoba,Boulevard 6 N° 87
6,39870950,Cambio De Domicilio,Iniciado,2023-09-18,,32160.96,Tucumán,566,39870950,Delfina,Maidana,1955-09-07,victoriacarrizo@example.net,+54 9 3124 4063,Mendoza,Diagonal Güemes N° 629
7,32666675,Cambio De Domicilio,Aprobado,2024-03-10,2024-03-17,32607.95,Entre Ríos,137,32666675,Guadalupe,Ayala,1948-08-09,castrouma@example.net,+54 9 3235 3654,Santa Fe,Calle  Santiago del Estero N° 9213
8,43103303,Solicitud De Subsidio,Iniciado,2023-01-13,,0.0,Buenos Aires,333,43103303,Morena,Romero,1969-10-18,sanchezjulia@example.org,+54 9 3615 0274,Córdoba,Avenida Omar Nuñez N° 964
9,43148116,Solicitud De Subsidio,Aprobado,2024-10-06,2024-07-09,27100.74,Neuquén,11,43148116,Micaela,Mendez,1942-10-09,martingabriel@example.org,,Buenos Aires,Blv. Córdoba N° 7794
10,43884350,Certificado De Residencia,Rechazado,2025-07-28,2025-10-20,10593.97,Salta,109,43884350,Rafael,Medina,2053-05-18,,+54 15 2116 6687,Entre Ríos,Diagonal Catamarca N° 626
11,36475471,Reclamo Administrativo,Rechazado,2023-07-25,2023-08-24,0.0,Santa Fe,160,36475471,Josefina,Gimenez,1945-11-07,lopezthiago-lionel@example.org,+54 15 2530 7053,Sin dato,Av. San Salvador de Jujuy N° 114
12,38900916,Baja De Comercio,En revisión,2025-08-10,,15852.93,Salta,181,38900916,Santiago Nicolas,Mansilla,2070-11-17,helenalopez@example.org,,Córdoba,  Boulevard 146 A N° 3437  
13,37777624,Cambio De Domicilio,Iniciado,2025-11-29,,5461.57,Buenos Aires,193,37777624,Juana,Rodriguez,1942-10-17,wduarte@example.org,+54 15 2814 9135,Entre Ríos,Diagonal Corrientes N° 626
14,32799176,Alta De Comercio,Iniciado,2024-03-20,,7042.86,Tucumán,213,32799176,Mora,Perez,1975-09-02,thiago-benjamincampos@example.com,+54 9 3627 6365,Córdoba,Avenida Saavedra N° 492
15,24696228,Renovación De Licencia,Observado,2025-12-23,2025-12-25,10514.92,Neuquén,147,24696228,Uma,Gonzalez,1986-10-07,lucaslopez@example.com,+54 9 3427 0103,Buenos Aires,Av. 6 N° 6332
16,28597504,Baja De Comercio,En revisión,2024-05-11,,0.0,Misiones,455,28597504,Juan  Pablo,Rodriguez,1979-03-20,,+54 9 3119 9097,Salta,Calle 5 N° 65
17,41405867,Alta De Comercio,Iniciado,2023-10-15,,25821.35,Santa Fe,127,41405867,Thiago,Rodriguez,1993-08-19,ruizlautaro-ezequiel@example.net,+54 9 3877 5901,Santa Fe,Diagonal Catamarca N° 7643
18,26671884,Reclamo Administrativo,En revisión,2024-04-26,,0.0,Salta,2,26671884,Tomàs,Garcia,1999-01-02,genaroromero@example.org,+54 15 2651 1615,Entre Ríos,Diag. Tucumán N° 721
19,40648640,Cambio De Domicilio,Rechazado,2025-03-26,2025-04-17,4276.35,Entre Ríos,116,40648640,Thiago,Maldonado,1964-04-23,soriasofia@example.net,+54 15 2280 7374,Misiones,Diagonal J.B. Alberdi N° 524
20,42855046,Baja De Comercio,Iniciado,2024-12-18,,30180.77,Santa Fe,87,42855046,Francesca,Rios,1997-02-19,bianca88@example.com,,Chaco,  Diagonal Alvear N° 895  
21,23789250,Solicitud De Subsidio,Observado,2024-07-17,2024-08-23,40630.61,Córdoba,309,23789250,Santiago,Sosa,1942-02-04,,,Chaco,Calle 5 N° 91
22,31541238,Baja De Comercio,En revisión,2024-05-01,,19834.68,Chaco,3,31541238,Nicolas,Rivero,1980-11-10,dante10@example.net,+54 15 2841 3164,Buenos Aires,Avenida La Rioja N° 234
23,41784860,Solicitud De Subsidio,Iniciado,2025-12-27,,0.0,Salta,69,41784860,Lucas Benjamin,Vera,1973-04-15,garciapaulina@example.com,+54 9 3682 6137,Chaco,Av. J.B. Alberdi N° 732
24,23836038,Inscripción Registral,Aprobado,2023-07-24,2023-09-26,21223.65,Misiones,362,23836038,Nahiara Jazmin,Mendoza,1939-05-31,gonzalonunez@example.com,+54 9 3714 0578,Salta,Calle  4 N° 9024
25,25720262,Reclamo Administrativo,Observado,2024-09-01,2024-03-18,0.0,Buenos Aires,505,25720262,Catalina,Gonzalez,2005-10-09,diazalma-valentina@example.org,+54 9 3969 8152,Tucumán,Diag. San Luis N° 6895
26,32707485,Baja De Comercio,Iniciado,2025-08-12,,45612.42,Santa Fe,209,32707485,Matilda,Soto,1969-02-13,bescobar@example.com,+54 15 2741 6335,Córdoba,Av. San Martin N° 445
27,23004934,Reclamo Administrativo,Rechazado,2025-04-25,2025-05-14,0.0,Santa Fe,302,23004934,Constantino,Pereyra,1960-10-02,arodriguez@example.net,+54 9 3462 8792,Buenos Aires,Avenida 9 N° 584
28,39832095,Reclamo Administrativo,Iniciado,2024-05-14,,35219.39,Córdoba,387,39832095,Martina,Ledesma,1971-04-18,sofiabustos@example.com,+54 9 3133 4817,Salta,Calle Paraná N° 3626
29,35883177,Baja De Comercio,Observado,2023-04-16,2023-05-07,1117.65,Salta,489,35883177,Joaquin,Perez,1941-03-30,lunafaustino@example.net,+54 15 2573 7100,Misiones,Av. Saavedra N° 5161
30,34666248,Solicitud De Subsidio,En revisión,2025-07-26,,36266.59,Buenos Aires,154,34666248,Agustin,Escobar,1954-12-21,ylopez@example.com,+54 15 2470 4774,Mendoza,Av. Saavedra N° 6191
31,27669427,Baja De Comercio,Iniciado,2025-04-15,,20121.34,Chaco,294,27669427,Zoe,Coronel,1959-07-01,juan-bautista64@example.org,,Salta,Av. Rosario N° 846
32,43587652,Cambio De Domicilio,Aprobado,2023-10-15,2023-12-28,48669.56,Santa Fe,568,43587652,Ian,Aguirre,2074-06-24,felicitasperez@example.org,+54 15 2678 5138,Tucumán,Diagonal La Rioja N° 303
33,34079232,Baja De Comercio,Rechazado,2025-06-05,2025-07-25,16002.89,Salta,217,34079232,Paloma,Juarez,1964-06-29,xvargas@example.net,+54 9 3562 2023,Entre Ríos,Diagonal Belgrano N° 72
34,32526073,Reclamo Administrativo,Iniciado,2024-12-04,,0.0,Neuquén,169,32526073,Valentino,Alvarez,1978-07-08,bautistagonzalez@example.com,+54 9 3689 8562,Santa Fe,Av. 126 A N° 43
35,40242901,Alta De Comercio,Iniciado,2023-01-28,,30056.98,Tucumán,344,40242901,Isabella,Gonzalez,1981-08-24,fchavez@example.net,+54 9 3807 6789,Neuquén,Calle 1 N° 925
36,37777624,Renovación De Licencia,Observado,2024-08-17,2024-09-12,48844.83,Neuquén,193,37777624,Juana,Rodriguez,1942-10-17,wduarte@example.org,+54 15 2814 9135,Entre Ríos,Diagonal Corrientes N° 626
37,30914944,Solicitud De Subsidio,Iniciado,2023-04-14,,37708.13,Misiones,496,30914944,Sofia Belen,Miranda,1942-08-20,gledesma@example.net,+54 9 3875 6766,Córdoba,Av. 7 N° 35
38,29902086,Baja De Comercio,Aprobado,2025-03-12,2026-01-23,44877.3,Misiones,200,29902086,Mateo Agustin,Fernandez,1947-08-10,agustinaramirez@example.net,+54 15 2841 3797,Mendoza,Diag. 3 N° 9259
39,34666248,Reclamo Administrativo,Iniciado,2025-06-27,,0.0,Chaco,154,34666248,Agustin,Escobar,1954-12-21,ylopez@example.com,+54 15 2470 4774,Mendoza,Av. Saavedra N° 6191
40,40005950,Cambio De Domicilio,Iniciado,2023-12-05,,0.0,Misiones,81,40005950,Valentina,Godoy,2075-02-11,luciacabrera@example.org,+54 15 2699 2299,Tucumán,Av. Pte. Perón N° 5140
41,39256174,Inscripción Registral,Observado,2025-02-19,2025-05-14,14896.66,Salta,529,39256174,Morena,Rodriguez,2045-12-08,maria-paz15@example.org,+54 15 2815 2854,Santa Fe,Av.  Catamarca N° 157
42,38058086,Baja De Comercio,Rechazado,2023-05-19,2023-06-19,7559.81,Misiones,41,38058086,Renata,Suarez,1970-02-05,ymolina@example.org,+54 15 2114 6584,Chaco,Avenida Neuquén N° 378
43,41169040,Solicitud De Subsidio,Rechazado,2024-01-16,2024-01-29,29037.33,Córdoba,90,41169040,Gino,Garcia,1957-01-06,milo37@example.com,+54 9 3958 4419,Santa Fe,Blv. Rosario N° 512
44,39071681,Solicitud De Subsidio,Rechazado,2024-10-05,2024-06-13,48598.19,Entre Ríos,184,39071681,Sofia,Rojas,1961-10-22,rgomez@example.net,,Sin dato,  Blv. San Juan N° 118  
45,27669427,Baja De Comercio,Rechazado,2024-08-28,2024-10-20,18997.31,Misiones,294,27669427,Zoe,Coronel,1959-07-01,juan-bautista64@example.org,,Salta,Av. Rosario N° 846
46,30856145,Cambio De Domicilio,Aprobado,2025-10-25,2026-01-21,0.0,Salta,461,30856145,Lautaro,Herrera,1974-09-09,lgomez@example.net,,Neuquén,Diagonal Rawson N° 275
47,23622597,Alta De Comercio,En revisión,2025-11-24,,23690.19,Chaco,75,23622597,Ian Benjamin,Rodriguez,1979-09-08,manuelsanchez@example.org,+54 9 3844 7962,Tucumán,Calle  Santiago del Estero N° 5916
48,22646099,Reclamo Administrativo,Iniciado,2025-11-29,,0.0,Entre Ríos,112,22646099,Benicio,Acuña,1967-02-24,nrodriguez@example.com,+54 15 2711 4262,Neuquén,Calle Constitución N° 5725
49,28264996,Certificado De Residencia,En revisión,2023-07-19,,23001.64,Chaco,498,28264996,Santino Ezequiel,Gomez,1978-04-21,quirogaagustina@example.net,+54 9 3823 2440,Salta,Avenida  Catamarca N° 29
50,28969929,Reclamo Administrativo,En revisión,2025-06-16,,39583.18,Mendoza,150,28969929,Ignacio,Rodriguez,1960-12-10,mateo15@example.com,+54 15 2243 3154,Buenos Aires,Calle Neuquén N° 728
51,29174617,Reclamo Administrativo,En revisión,2025-08-27,,0.0,Córdoba,56,29174617,Francisca,Acuña,1966-02-07,martinjuan-martin@example.com,+54 15 2298 3273,Salta,Av. Bahía Blanca N° 7993
52,36188931,Reclamo Administrativo,Rechazado,2024-07-13,2024-07-24,0.0,Salta,281,36188931,Guillermina,Soto,1994-11-20,gonzalezisabella@example.net,+54 15 2361 3878,Córdoba,Avenida Belgrano N° 38
53,31864697,Certificado De Residencia,Aprobado,2023-05-06,2023-06-27,18057.27,Salta,351,31864697,Francesca,Gonzalez,2002-12-21,alvarorodriguez@example.net,,Tucumán,Boulevard  Mitre N° 4697
54,43148116,Inscripción Registral,Observado,2025-01-15,2025-02-04,44876.81,Chaco,11,43148116,Micaela,Mendez,1942-10-09,martingabriel@example.org,,Buenos Aires,Blv. Córdoba N° 7794
55,28130745,Reclamo Administrativo,Iniciado,2025-04-29,,49417.81,Santa Fe,325,28130745,Manuel,Herrera,1953-10-08,emiliano25@example.com,+54 9 3540 9003,Neuquén,Avenida Tierra del Fuego N° 941
56,30856145,Reclamo Administrativo,Observado,2023-06-08,2023-08-19,17730.23,Neuquén,461,30856145,Lautaro,Herrera,1974-09-09,lgomez@example.net,,Neuquén,Diagonal Rawson N° 275
57,20495191,Alta De Comercio,Aprobado,2025-03-26,2025-12-05,20814.15,Misiones,15,20495191,Maria Emilia,Fernandez,1956-11-03,luciodiaz@example.net,+54 9 3587 4016,Tucumán,Avenida 3 N° 348
58,29172605,Certificado De Residencia,Observado,2024-07-29,2024-10-09,0.0,Salta,437,29172605,Santiago,Duarte,1962-02-03,santino08@example.org,+54 9 3455 9895,Mendoza,Avenida Mendoza N° 23
59,37790526,Reclamo Administrativo,Aprobado,2025-05-04,2025-07-28,0.0,Buenos Aires,391,37790526,Samuel,Castro,2008-04-14,navarrojuan-bautista@example.com,+54 9 3872 4380,Santa Fe,Diagonal 8 N° 476
60,26711706,Certificado De Residencia,Iniciado,2024-08-09,,0.0,Chaco,422,26711706,Valentino,Aguirre,1958-06-21,sofia83@example.net,+54 15 2403 0324,Neuquén,Diagonal  Rivadavia N° 347
61,41608602,Alta De Comercio,Rechazado,2024-03-08,2024-08-18,45445.68,Salta,565,41608602,Giovanni,Rodriguez,2003-01-05,ciro02@example.net,+54 9 3516 1394,Córdoba,  Av. Entre Ríos N° 608  
62,20385239,Solicitud De Subsidio,Aprobado,2023-02-21,2023-03-22,0.0,Salta,8,20385239,Ema,Rojas,1944-10-21,kleiva@example.com,+54 9 3838 3465,Misiones,Av. Rivadavia N° 61
63,33068673,Inscripción Registral,Iniciado,2024-06-08,,47978.45,Mendoza,34,33068673,Valentin,Benitez,2049-01-30,perezmorena-jazmin@example.org,+54 15 2367 1902,Neuquén,Boulevard Belgrano N° 7148
64,20723628,Reclamo Administrativo,Rechazado,2024-08-13,2024-07-09,46999.89,Santa Fe,570,20723628,Nicolas,Sosa,1951-10-07,juan-cruz51@example.net,+54 9 3888 8636,Misiones,  Avenida Omar Nuñez N° 752  
65,33908782,Alta De Comercio,Aprobado,2025-01-29,2025-06-04,42230.02,Tucumán,413,33908782,Delfina,Gomez,1942-09-01,romeromia@example.org,,Tucumán,Av. Rawson N° 6635
66,32248167,Cambio De Domicilio,En revisión,2025-12-27,,0.0,Neuquén,567,32248167,Delfina,Gonzalez,1959-04-28,cabreraian-benjamin@example.net,+54 9 3896 9586,Chaco,Calle G. Brown N° 387
67,32926439,Alta De Comercio,Iniciado,2023-07-02,,0.0,Chaco,157,32926439,Camila,Romero,2055-10-15,aavila@example.net,+54 9 3216 2299,Tucumán,  Av. Belgrano N° 7855  
68,33953793,Solicitud De Subsidio,En revisión,2023-06-23,,36452.47,Salta,367,33953793,Thiago,Lopez,1936-04-22,navarrothiago-ezequiel@example.net,+54 9 3831 9433,Buenos Aires,Calle J.M. de Rosas N° 1943
69,34633895,Renovación De Licencia,Iniciado,2025-01-15,,23226.82,Córdoba,267,34633895,Lorenzo,Diaz,1948-04-13,santiagoalvarez@example.com,,Neuquén,Camino 7 N° 3271
70,44159591,Alta De Comercio,Aprobado,2024-11-26,2024-12-30,0.0,Córdoba,146,44159591,Alma Valentina,Herrera,1961-09-19,martingomez@example.net,+54 15 2648 0396,Chaco,Blv. Saavedra N° 66
71,43388450,Alta De Comercio,Iniciado,2025-07-29,,19075.09,Chaco,503,43388450,Bautista,Gonzalez,1989-02-15,catalinagomez@example.net,+54 9 3753 3126,Mendoza,Calle Güemes N° 28
72,44226096,Renovación De Licencia,En revisión,2023-05-09,,49690.11,Neuquén,165,44226096,Mia Morena,Carrizo,1972-08-29,maitelucero@example.org,+54 9 3617 2482,Mendoza,Avenida Entre Ríos N° 746
73,20361830,Alta De Comercio,Observado,2025-10-16,2025-10-17,26140.75,Mendoza,370,20361830,Julia,Sanchez,1964-03-25,catalina90@example.net,,Neuquén,Diagonal 1 N° 650
74,41550706,Renovación De Licencia,Iniciado,2025-02-23,,11378.18,Santa Fe,374,41550706,Benicio,Suarez,1980-12-12,emmafigueroa@example.org,+54 15 2949 6854,Chaco,Calle Güemes N° 641
75,37335584,Inscripción Registral,Aprobado,2024-08-15,2024-10-16,22085.07,Mendoza,275,37335584,Santino,Acosta,2051-08-23,valentina00@example.net,+54 15 2209 3911,Salta,Calle Alem N° 2932
76,31108749,Reclamo Administrativo,En revisión,2025-11-11,,0.0,Chaco,257,31108749,Mia,Guzman,1990-06-28,paloma46@example.org,+54 9 3535 7438,Mendoza,Avenida 1 N° 9117
77,29212279,Solicitud De Subsidio,Rechazado,2024-04-09,2024-03-06,21750.99,Entre Ríos,444,29212279,Josefina,Cruz,1995-04-21,bautistarodriguez@example.org,+54 9 3261 8209,Mendoza,Calle Rosario N° 13
78,30962874,Solicitud De Subsidio,Rechazado,2023-10-08,2023-01-09,0.0,Entre Ríos,66,30962874,Valentina,Rivero,1989-07-22,morenopedro@example.com,+54 15 2454 2357,Chaco,Calle 2 N° 991
79,29631618,Cambio De Domicilio,En revisión,2023-02-23,,7679.46,Buenos Aires,440,29631618,Mateo,Cardozo,1963-01-09,rruiz@example.org,+54 15 2902 9390,Chaco,Diagonal Mendoza N° 553
80,20460812,Cambio De Domicilio,Iniciado,2025-11-27,,44987.83,Salta,327,20460812,Lucio,Lucero,1995-03-07,genarogimenez@example.com,+54 9 3398 5700,Misiones,Diagonal Chubut N° 45
81,29218510,Alta De Comercio,Observado,2024-03-14,2024-11-04,34265.53,Entre Ríos,291,29218510,Catalina,Navarro,1986-03-24,,+54 9 3831 0742,Chaco,  Diagonal San Martin N° 7732  
82,25828808,Certificado De Residencia,En revisión,2024-02-03,,0.0,Santa Fe,203,25828808,Valentino,Herrera,1952-06-08,garciaenzo@example.com,+54 9 3930 0981,Neuquén,Diagonal 6 N° 371
83,33984667,Solicitud De Subsidio,Aprobado,2024-07-25,2024-09-10,14576.11,Salta,235,33984667,Sebastian,Silva,1941-05-09,ayalaignacio@example.com,+54 9 3513 9060,Misiones,Avenida San Luis N° 94
84,27313676,Alta De Comercio,Observado,2024-04-06,2024-06-13,0.0,Entre Ríos,38,27313676,Paulina,Lopez,1973-05-07,lavila@example.net,,Tucumán,Camino La Pampa N° 577
85,26548138,Inscripción Registral,Iniciado,2024-06-05,,19969.71,Chaco,410,26548138,Faustino,Ponce,1985-11-02,sofiaruiz@example.net,+54 15 2456 7164,Neuquén,  Camino San Luis N° 3880  
86,43252745,Alta De Comercio,Iniciado,2023-12-19,,0.0,Córdoba,506,43252745,Elena,Figueroa,2067-08-31,khernandez@example.org,+54 15 2184 1173,Chaco,Avenida  Entre Ríos N° 7464
87,22080700,Inscripción Registral,Rechazado,2025-03-01,2025-03-30,0.0,Buenos Aires,331,22080700,Renata,Fernandez,1956-10-22,francisco73@example.com,+54 9 3410 7256,Santa Fe,Diagonal Tucumán N° 219
88,44575346,Solicitud De Subsidio,Iniciado,2023-11-25,,0.0,Entre Ríos,312,44575346,Angel Gabriel,Aguirre,1943-04-21,rpereyra@example.org,+54 15 2226 6912,Sin dato,Calle Rawson N° 264
89,35955142,Alta De Comercio,Observado,2023-03-23,2023-05-15,48829.3,Chaco,152,35955142,Maria Paz,Molina,2001-03-10,romerolucas-ezequiel@example.com,+54 15 2262 9620,Buenos Aires,Blv. Santa Rosa N° 585
90,20138372,Alta De Comercio,Iniciado,2025-02-14,,33144.3,Mendoza,232,20138372,Lola,Romero,1947-04-03,umaidana@example.net,+54 9 3956 6593,Tucumán,Diagonal 5 N° 877
91,24806722,Renovación De Licencia,Iniciado,2025-01-01,,33689.7,Salta,80,24806722,Renzo,Moreno,2068-06-22,valentino89@example.org,+54 15 2568 0182,Entre Ríos,Avenida 4 N° 528
92,37777624,Solicitud De Subsidio,Rechazado,2023-08-17,2023-08-31,0.0,Entre Ríos,193,37777624,Juana,Rodriguez,1942-10-17,wduarte@example.org,+54 15 2814 9135,Entre Ríos,Diagonal Corrientes N° 626
93,26785071,Reclamo Administrativo,Rechazado,2025-03-14,2025-02-06,21443.15,Neuquén,395,26785071,Agustina,Maldonado,2059-07-03,julianmaidana@example.com,+54 9 3313 3155,Mendoza,Diagonal 1 N° 427
94,34594181,Alta De Comercio,En revisión,2024-10-12,,0.0,Buenos Aires,105,34594181,Benicio,Cruz,1969-08-23,ucoronel@example.org,+54 9 3156 0932,Neuquén,Boulevard Neuquén N° 344
95,36737866,Alta De Comercio,Observado,2023-03-15,2023-12-05,7955.69,Misiones,488,36737866,Martín,Sosa,1956-08-25,abril12@example.net,+54 9 3343 2512,Misiones,  Av. Constitución N° 661  
96,34973941,Alta De Comercio,Iniciado,2025-06-04,,36734.08,Tucumán,342,34973941,Benjamin,Gomez,1948-02-29,zmedina@example.net,+54 9 3249 9564,Misiones,Calle 2 N° 4380
97,36959341,Certificado De Residencia,Rechazado,2023-06-03,2023-06-26,32494.07,Mendoza,194,36959341,Gino,Lopez,1958-06-28,luz-milagrosgodoy@example.com,+54 9 3525 7775,Salta,Calle Salta N° 349
98,33530961,Solicitud De Subsidio,Iniciado,2024-06-10,,0.0,Neuquén,118,33530961,Nahiara,Romero,1993-01-10,gonzalezvalentina@example.net,+54 15 2375 6798,Tucumán,Calle Bahía Blanca N° 231
99,28212456,Certificado De Residencia,Rechazado,2023-06-25,2023-08-15,0.0,Neuquén,415,28212456,Victoria,Farias,1977-11-07,morenavega@example.com,+54 15 2852 3302,Chaco,Avenida Santiago del Estero N° 9270
100,37347875,Solicitud De Subsidio,Iniciado,2025-11-30,,0.0,Santa Fe,295,37347875,Juan,Leiva,1994-09-01,lopezlautaro-nicolas@example.org,+54 15 2562 4112,Córdoba,Calle 3 N° 5870
101,37168677,Certificado De Residencia,Rechazado,2025-05-12,2025-12-24,0.0,Córdoba,341,37168677,Maia,Mansilla,1938-05-12,tlucero@example.com,+54 9 3379 4523,Buenos Aires,Blv. 5 N° 9116
102,30807772,Certificado De Residencia,Iniciado,2025-07-12,,43724.32,Buenos Aires,175,30807772,Lautaro Gabriel,Farias,1943-03-13,rfigueroa@example.com,+54 15 2896 5902,Córdoba,Calle J.B. Alberdi N° 561
103,28749844,Cambio De Domicilio,Observado,2024-04-03,2024-05-31,5449.63,Entre Ríos,18,28749844,Olivia,Gonzalez,1969-12-26,,+54 15 2230 3654,Neuquén,  Avenida Alem N° 681  
104,40250556,Solicitud De Subsidio,Rechazado,2023-06-24,2023-08-08,23208.16,Tucumán,464,40250556,Ian Ezequiel,Ortiz,1995-09-15,bautistacarrizo@example.net,+54 15 2855 0272,Córdoba,Calle Alem N° 188
105,34973941,Certificado De Residencia,Observado,2024-03-04,2024-06-27,7821.07,Mendoza,342,34973941,Benjamin,Gomez,1948-02-29,zmedina@example.net,+54 9 3249 9564,Misiones,Calle 2 N° 4380
106,44159591,Inscripción Registral,Aprobado,2024-10-09,2024-12-12,46072.04,Córdoba,146,44159591,Alma Valentina,Herrera,1961-09-19,martingomez@example.net,+54 15 2648 0396,Chaco,Blv. Saavedra N° 66
107,36188931,Baja De Comercio,Observado,2023-09-30,2023-11-27,19855.8,Tucumán,281,36188931,Guillermina,Soto,1994-11-20,gonzalezisabella@example.net,+54 15 2361 3878,Córdoba,Avenida Belgrano N° 38
108,26480013,Alta De Comercio,En revisión,2024-01-19,,28549.79,Entre Ríos,317,26480013,Pedro,Toledo,2065-11-09,dominguezvalentina@example.net,+54 9 3391 1415,Córdoba,Avenida 8 N° 967
109,38802227,Certificado De Residencia,Iniciado,2023-05-09,,34205.69,Tucumán,296,38802227,Faustino,Rojas,1945-06-04,ciro04@example.org,+54 15 2603 8569,Entre Ríos,Diagonal Río Negro N° 988
110,39316685,Alta De Comercio,En revisión,2025-11-05,,0.0,Neuquén,572,39316685,Tomas,Lopez,1981-04-15,moyanobenjamin@example.net,,Misiones,Boulevard 4 N° 214
111,41405867,Reclamo Administrativo,Iniciado,2023-06-03,,0.0,Tucumán,127,41405867,Thiago,Rodriguez,1993-08-19,ruizlautaro-ezequiel@example.net,+54 9 3877 5901,Santa Fe,Diagonal Catamarca N° 7643
112,31262896,Solicitud De Subsidio,Observado,2024-03-15,2024-04-04,0.0,Mendoza,515,31262896,Mateo Ezequiel,Vargas,2003-05-31,cordobanicolas@example.net,+54 9 3587 6998,Mendoza,Avenida 4 N° 15
113,29117246,Reclamo Administrativo,Rechazado,2025-03-05,2025-04-20,46049.61,Santa Fe,33,29117246,Tiziano  Benjamin,Perez,1978-08-31,,+54 9 3124 0824,Misiones,  Av. Alvear N° 1751  
114,28332809,Baja De Comercio,Rechazado,2024-03-10,2024-12-29,0.0,Tucumán,578,28332809,Renzo,Moreno,1978-06-27,bruno67@example.net,+54 15 2287 2760,Entre Ríos,Avenida Comodoro Rivadavia N° 24
115,22574665,Certificado De Residencia,Aprobado,2025-06-01,2025-03-20,5254.09,Entre Ríos,88,22574665,Nahiara,Vargas,1992-04-14,joaquinnunez@example.org,+54 9 3123 0913,Santa Fe,Av. Santa Rosa N° 968
116,31123801,Reclamo Administrativo,Aprobado,2023-08-14,2023-10-13,0.0,Salta,516,31123801,Juan,Duarte,1941-11-13,milogarcia@example.net,+54 9 3109 4544,Chaco,Av. 6 N° 8217
117,42217569,Solicitud De Subsidio,En revisión,2023-05-06,,6800.11,Neuquén,91,42217569,Emilia,Vera,1960-11-28,vferreyra@example.com,+54 15 2238 4842,Misiones,Av. Entre Ríos N° 94
118,29140711,Reclamo Administrativo,Iniciado,2023-10-29,,33668.92,Misiones,301,29140711,Thiago,Torres,2056-05-27,julieta78@example.org,+54 15 2776 7426,Tucumán,Av. 2 N° 58
119,23444816,Alta De Comercio,Iniciado,2023-12-25,,41186.04,Entre Ríos,472,23444816,Jeremias,Diaz,2049-10-10,ian-benjamincordoba@example.com,,Buenos Aires,Boulevard  2 N° 55
120,29651317,Renovación De Licencia,Iniciado,2024-11-28,,28321.44,Santa Fe,63,29651317,Bianca,Sanchez,1968-12-08,torresemilia@example.net,+54 15 2999 8679,Salta,  Diagonal San Martin N° 469  
121,40825715,Renovación De Licencia,En revisión,2024-07-24,,0.0,Neuquén,229,40825715,Felipe,Garcia,1965-07-17,santino81@example.org,+54 15 2220 3173,Salta,Diagonal 7 N° 581
122,41585871,Certificado De Residencia,Observado,2024-07-28,2024-10-08,0.0,Salta,124,41585871,Emilia,Vargas,1976-01-12,hmolina@example.net,+54 15 2948 5807,Chaco,Av. 4 N° 850
123,30914944,Solicitud De Subsidio,En revisión,2025-04-24,,21901.51,Santa Fe,496,30914944,Sofia Belen,Miranda,1942-08-20,gledesma@example.net,+54 9 3875 6766,Córdoba,Av. 7 N° 35
124,44159591,Certificado De Residencia,En revisión,2024-10-17,,0.0,Neuquén,146,44159591,Alma Valentina,Herrera,1961-09-19,martingomez@example.net,+54 15 2648 0396,Chaco,Blv. Saavedra N° 66
125,25720262,Alta De Comercio,Aprobado,2023-12-09,2023-07-12,0.0,Córdoba,505,25720262,Catalina,Gonzalez,2005-10-09,diazalma-valentina@example.org,+54 9 3969 8152,Tucumán,Diag. San Luis N° 6895
126,28332809,Renovación De Licencia,Rechazado,2024-04-24,2024-04-26,48158.43,Chaco,578,28332809,Renzo,Moreno,1978-06-27,bruno67@example.net,+54 15 2287 2760,Entre Ríos,Avenida Comodoro Rivadavia N° 24
127,37386339,Inscripción Registral,Iniciado,2025-06-19,,45176.25,Misiones,284,37386339,Mateo,Martinez,1978-10-02,santinofarias@example.net,,Santa Fe,Diagonal Mitre N° 3647
128,27348572,Inscripción Registral,En revisión,2024-08-15,,35901.53,Tucumán,65,27348572,Francesco,Moreno,1940-06-08,castrofrancesca@example.com,+54 15 2751 9254,Neuquén,  Diagonal 2 N° 636  
129,34720963,Certificado De Residencia,Rechazado,2024-10-29,2024-07-11,29013.93,Misiones,311,34720963,Valentino,Coronel,1987-01-26,rodriguezmorena@example.com,+54 9 3779 4738,Chaco,Camino Rawson N° 3715
130,30663126,Inscripción Registral,En revisión,2023-06-18,,2723.99,Santa Fe,266,30663126,Clara,Cabrera,1972-11-19,elenarodriguez@example.net,+54 15 2408 5140,Entre Ríos,Av. Salta N° 776
131,27756452,Certificado De Residencia,Iniciado,2025-08-21,,38115.51,Mendoza,238,27756452,Guadalupe,Lopez,1960-10-10,vazquezmateo@example.com,+54 9 3692 7033,Córdoba,Diagonal  2 N° 14
132,24115029,Reclamo Administrativo,En revisión,2025-04-05,,0.0,Buenos Aires,108,24115029,Nicolas,Gonzalez,1974-10-04,mateo-benjamin40@example.net,+54 9 3421 1823,Misiones,Avenida La Rioja N° 266
133,23622597,Renovación De Licencia,Rechazado,2025-02-27,2025-04-16,35086.92,Neuquén,75,23622597,Ian Benjamin,Rodriguez,1979-09-08,manuelsanchez@example.org,+54 9 3844 7962,Tucumán,Calle  Santiago del Estero N° 5916
134,20723628,Certificado De Residencia,En revisión,2025-08-16,,0.0,Misiones,570,20723628,Nicolas,Sosa,1951-10-07,juan-cruz51@example.net,+54 9 3888 8636,Misiones,  Avenida Omar Nuñez N° 752  
135,25834033,Alta De Comercio,Iniciado,2025-11-05,,40595.44,Entre Ríos,197,25834033,Delfina,Suarez,1940-03-19,francisco38@example.com,,Mendoza,Avenida Tucumán N° 378
136,37932170,Inscripción Registral,Observado,2023-02-14,2023-04-25,41703.94,Chaco,418,37932170,Benicio,Herrera,2004-08-13,chavezlara@example.net,+54 9 3726 3013,Mendoza,Diagonal Córdoba N° 268
137,30457804,Baja De Comercio,Aprobado,2025-06-07,2025-08-21,31460.8,Neuquén,513,30457804,Juan Ignacio,Muñoz,1993-02-22,bravogenaro@example.net,+54 9 3710 7044,Misiones,Blv.  La Plata N° 789
138,40005950,Solicitud De Subsidio,En revisión,2023-10-07,,0.0,Misiones,81,40005950,Valentina,Godoy,2075-02-11,luciacabrera@example.org,+54 15 2699 2299,Tucumán,Av. Pte. Perón N° 5140
139,37346622,Solicitud De Subsidio,Iniciado,2024-11-17,,3863.66,Tucumán,339,37346622,Matilda,Correa,1980-09-06,fmorales@example.org,+54 9 3273 2788,Buenos Aires,Av. San Miguel de Tucumán N° 3452
140,35913789,Reclamo Administrativo,Observado,2024-04-11,2024-06-24,46877.88,Buenos Aires,77,35913789,Paulina,Silva,1974-11-04,rsanchez@example.org,+54 15 2202 7868,Misiones,Avenida La Rioja N° 58
141,33068673,Renovación De Licencia,Aprobado,2023-04-07,2023-08-27,46246.63,Buenos Aires,34,33068673,Valentin,Benitez,2049-01-30,perezmorena-jazmin@example.org,+54 15 2367 1902,Neuquén,Boulevard Belgrano N° 7148
142,42476246,Renovación De Licencia,Rechazado,2025-02-16,2025-02-26,30108.31,Córdoba,242,42476246,Victoria,Rodriguez,2054-08-06,bpaez@example.net,+54 9 3732 5621,Neuquén,Diagonal Santa Fe N° 463
143,41608602,Alta De Comercio,Rechazado,2025-05-08,2025-08-22,32691.68,Tucumán,565,41608602,Giovanni,Rodriguez,2003-01-05,ciro02@example.net,+54 9 3516 1394,Córdoba,  Av. Entre Ríos N° 608  
144,27086368,Renovación De Licencia,Iniciado,2024-06-17,,34256.09,Misiones,234,27086368,Benicio,Fernandez,1962-06-03,franciscocorrea@example.org,,Córdoba,  Diagonal Mitre N° 5119  
145,37846241,Baja De Comercio,Iniciado,2023-11-15,,0.0,Córdoba,494,37846241,Emiliano,Caceres,1972-09-04,benjamin-alejandrovera@example.org,,Buenos Aires,Avenida  Alem N° 762
146,23486549,Cambio De Domicilio,Aprobado,2024-07-26,2024-08-20,11742.73,Misiones,377,23486549,Benjamin,Sosa,1976-02-13,juanadiaz@example.net,+54 9 3400 3342,Mendoza,Diagonal G. Brown N° 4312
147,22985477,Renovación De Licencia,Iniciado,2023-04-07,,0.0,Santa Fe,582,22985477,Candela,Gomez,2000-05-05,salvadorgodoy@example.com,,Córdoba,Av. Santa Fe N° 468
148,23579898,Solicitud De Subsidio,Iniciado,2025-12-03,,0.0,Córdoba,290,23579898,Lorenzo,Diaz,2003-05-02,uma-mendoza@example.com,+54 15 2707 8068,Entre Ríos,Diagonal Rosario N° 84
149,29347198,Cambio De Domicilio,Aprobado,2025-11-16,2026-01-25,0.0,Mendoza,79,29347198,Francisco,Velazquez,1993-12-06,,+54 9 3578 2911,Tucumán,Diagonal Chilecito N° 263
150,20488551,Alta De Comercio,Aprobado,2025-05-08,2025-09-15,35422.33,Tucumán,540,20488551,Juan  Cruz,Ortiz,1965-04-20,perezsofia@example.net,,Misiones,Camino Tucumán N° 27
151,40005950,Cambio De Domicilio,En revisión,2023-09-22,,6576.03,Santa Fe,81,40005950,Valentina,Godoy,2075-02-11,luciacabrera@example.org,+54 15 2699 2299,Tucumán,Av. Pte. Perón N° 5140
152,38099899,Certificado De Residencia,En revisión,2025-07-19,,0.0,Tucumán,37,38099899,Juan  Ignacio,Ledesma,1986-09-15,guillermina77@example.org,+54 15 2465 9401,Mendoza,Diag. Mitre N° 501
153,39870950,Alta De Comercio,Rechazado,2024-06-25,2024-03-08,25020.2,Salta,566,39870950,Delfina,Maidana,1955-09-07,victoriacarrizo@example.net,+54 9 3124 4063,Mendoza,Diagonal Güemes N° 629
154,28597504,Baja De Comercio,Iniciado,2025-02-07,,0.0,Entre Ríos,455,28597504,Juan  Pablo,Rodriguez,1979-03-20,,+54 9 3119 9097,Salta,Calle 5 N° 65
155,44895713,Solicitud De Subsidio,Observado,2024-04-18,2024-01-06,36426.42,Salta,27,44895713,Ignacio,Acosta,1960-04-06,agarcia@example.com,+54 15 2270 8053,Tucumán,Diagonal Malvinas Argentinas N° 44
156,39803169,Solicitud De Subsidio,Iniciado,2023-04-03,,28843.83,Misiones,59,39803169,Juan Ignacio,Flores,1956-04-20,,+54 15 2469 0034,Tucumán,Diagonal Güemes N° 870
157,34633895,Certificado De Residencia,En revisión,2023-04-26,,0.0,Tucumán,267,34633895,Lorenzo,Diaz,1948-04-13,santiagoalvarez@example.com,,Neuquén,Camino 7 N° 3271
158,22574665,Solicitud De Subsidio,En revisión,2025-04-23,,0.0,Tucumán,88,22574665,Nahiara,Vargas,1992-04-14,joaquinnunez@example.org,+54 9 3123 0913,Santa Fe,Av. Santa Rosa N° 968
159,31108749,Solicitud De Subsidio,Observado,2025-11-07,2025-07-13,0.0,Buenos Aires,257,31108749,Mia,Guzman,1990-06-28,paloma46@example.org,+54 9 3535 7438,Mendoza,Avenida 1 N° 9117
160,36835225,Cambio De Domicilio,Rechazado,2025-03-13,2025-06-03,14184.06,Entre Ríos,368,36835225,Dylan Benjamin,Godoy,1943-09-22,franco72@example.net,+54 15 2399 9219,Córdoba,Calle Omar Nuñez N° 935
161,30962874,Solicitud De Subsidio,Rechazado,2025-09-17,2025-11-10,0.0,Neuquén,66,30962874,Valentina,Rivero,1989-07-22,morenopedro@example.com,+54 15 2454 2357,Chaco,Calle 2 N° 991
162,36569018,Baja De Comercio,En revisión,2024-02-12,,2576.8,Buenos Aires,51,36569018,Isabella,Perez,2006-04-22,ngomez@example.net,+54 15 2205 3293,Neuquén,  Av. Mitre N° 46  
163,30663126,Inscripción Registral,Aprobado,2023-12-27,2023-12-30,5903.59,Córdoba,266,30663126,Clara,Cabrera,1972-11-19,elenarodriguez@example.net,+54 15 2408 5140,Entre Ríos,Av. Salta N° 776
164,29882378,Inscripción Registral,Iniciado,2024-12-31,,32273.41,Santa Fe,524,29882378,Zoe  Jazmin,Gonzalez,1947-10-24,fernandezmateo-ezequiel@example.com,+54 9 3252 6834,Tucumán,Diag. Paraná N° 291
165,23637385,Inscripción Registral,Aprobado,2023-03-10,2023-12-20,0.0,Buenos Aires,26,23637385,Delfina,Benitez,1937-09-28,,+54 15 2198 0699,Misiones,Av. 8 N° 57
166,44226096,Renovación De Licencia,Aprobado,2024-01-26,2024-01-02,25784.41,Misiones,165,44226096,Mia Morena,Carrizo,1972-08-29,maitelucero@example.org,+54 9 3617 2482,Mendoza,Avenida Entre Ríos N° 746
167,23458283,Baja De Comercio,Aprobado,2023-01-15,2023-02-12,47951.95,Neuquén,596,23458283,Luana,Benitez,1997-07-07,francisco16@example.com,+54 15 2145 0232,Santa Fe,Calle  8 N° 4059
168,31123801,Reclamo Administrativo,Observado,2025-02-19,2025-11-05,33130.29,Entre Ríos,516,31123801,Juan,Duarte,1941-11-13,milogarcia@example.net,+54 9 3109 4544,Chaco,Av. 6 N° 8217
169,26103019,Solicitud De Subsidio,En revisión,2024-06-15,,12532.13,Entre Ríos,276,26103019,Valentina,Herrera,2003-12-20,rayala@example.com,,Mendoza,Calle Rosario N° 287
170,36128405,Alta De Comercio,Rechazado,2024-03-10,2024-11-13,18413.12,Misiones,237,36128405,Juan Bautista,Ramos,1945-02-21,jazmindiaz@example.com,+54 15 2589 8331,Córdoba,  Avenida Omar Nuñez N° 717  
171,29347198,Certificado De Residencia,Aprobado,2023-08-31,2023-11-23,0.0,Salta,79,29347198,Francisco,Velazquez,1993-12-06,,+54 9 3578 2911,Tucumán,Diagonal Chilecito N° 263
172,32199762,Solicitud De Subsidio,En revisión,2024-04-19,,6339.22,Misiones,599,32199762,Josefina,Herrera,2001-07-15,juan-cruzrojas@example.net,+54 15 2977 9323,Neuquén,Boulevard 4 N° 715
173,35955142,Cambio De Domicilio,Observado,2023-10-19,2023-12-22,8755.16,Misiones,152,35955142,Maria Paz,Molina,2001-03-10,romerolucas-ezequiel@example.com,+54 15 2262 9620,Buenos Aires,Blv. Santa Rosa N° 585
174,42158059,Reclamo Administrativo,Iniciado,2025-12-28,,0.0,Misiones,482,42158059,Lautaro Nicolas,Gonzalez,1939-02-16,,+54 9 3622 9712,Misiones,  Diagonal Omar Nuñez N° 2697  
175,23288307,Solicitud De Subsidio,Rechazado,2025-06-23,2025-08-08,29778.16,Buenos Aires,398,23288307,Valentino,Aguirre,1950-05-16,cdiaz@example.org,+54 9 3752 4508,Sin dato,Avenida Ciudad Autónoma de Buenos Aires N° 66
176,43547809,Certificado De Residencia,Aprobado,2024-06-18,2024-08-15,35155.63,Neuquén,76,43547809,Bautista,Godoy,2062-02-23,benjamin-alejandrofernandez@example.net,+54 9 3702 1355,Entre Ríos,Calle Saavedra N° 658
177,35169289,Inscripción Registral,Iniciado,2024-10-26,,0.0,Neuquén,522,35169289,Helena,Acosta,2005-07-13,wsosa@example.net,,Córdoba,Diag. Chubut N° 3356
178,32652714,Inscripción Registral,Iniciado,2024-11-09,,14620.23,Santa Fe,287,32652714,Joaquin,Caceres,1971-01-13,rodriguezfrancisco@example.com,+54 9 3463 5315,Salta,Diagonal 4 N° 283
179,24696228,Cambio De Domicilio,Iniciado,2024-10-26,,28969.32,Córdoba,147,24696228,Uma,Gonzalez,1986-10-07,lucaslopez@example.com,+54 9 3427 0103,Buenos Aires,Av. 6 N° 6332
180,38204242,Certificado De Residencia,Aprobado,2025-11-08,2025-02-09,14779.7,Neuquén,356,38204242,Juan Bautista,Suarez,1969-01-14,ledesmafacundo@example.org,+54 15 2285 1961,Chaco,  Avenida Mendoza N° 65  
181,43884350,Baja De Comercio,En revisión,2024-12-31,,27832.09,Santa Fe,109,43884350,Rafael,Medina,2053-05-18,,+54 15 2116 6687,Entre Ríos,Diagonal Catamarca N° 626
182,42670288,Cambio De Domicilio,Observado,2023-02-16,2023-02-22,0.0,Neuquén,29,42670288,Bautista,Ledesma,1981-05-31,quirogajulieta@example.net,+54 15 2290 5865,Mendoza,Avenida Misiones N° 6186
183,29172605,Solicitud De Subsidio,Rechazado,2023-04-29,2023-05-07,44499.55,Córdoba,437,29172605,Santiago,Duarte,1962-02-03,santino08@example.org,+54 9 3455 9895,Mendoza,Avenida Mendoza N° 23
184,39853054,Alta De Comercio,Aprobado,2025-07-06,2025-09-30,8258.0,Chaco,141,39853054,Victoria,Rodriguez,1950-04-06,fernandezmateo@example.com,+54 9 3561 8537,Tucumán,Camino Mar del Plata N° 51
185,25009043,Inscripción Registral,Iniciado,2024-04-12,,5471.72,Misiones,526,25009043,Simon,Gimenez,1978-07-22,martinezmorena@example.org,+54 9 3145 6522,Córdoba,Diagonal Alvear N° 95
186,31734535,Renovación De Licencia,En revisión,2023-04-18,,7275.3,Mendoza,326,31734535,Jazmín,Alvarez,2002-01-15,qblanco@example.com,,Neuquén,Avenida Belgrano N° 7767
187,32834505,Certificado De Residencia,Aprobado,2023-04-14,2023-06-14,0.0,Misiones,201,32834505,Mateo,Castillo,2002-12-16,martinezfrancesca@example.org,,Tucumán,Boulevard 1 N° 2828
188,26306075,Cambio De Domicilio,Iniciado,2025-11-24,,0.0,Salta,220,26306075,Simon,Torres,1954-08-04,benjamin82@example.com,+54 9 3178 0774,Tucumán,Diagonal Mitre N° 19
189,43876850,Certificado De Residencia,En revisión,2023-09-19,,42114.25,Chaco,598,43876850,Ignacio,Paez,1938-02-14,ian-ezequielgonzalez@example.com,+54 15 2721 0531,Neuquén,Calle 176 B N° 3817
190,25822902,Solicitud De Subsidio,Rechazado,2024-09-27,2024-12-13,48164.49,Tucumán,502,25822902,Lautaro,Muñoz,2060-05-23,victoriacoronel@example.com,+54 9 3917 6792,Salta,Av. Saavedra N° 697
191,35637097,Alta De Comercio,Rechazado,2025-02-15,2025-03-29,33200.34,Salta,430,35637097,Emilia,Suarez,1954-12-14,poncefranco@example.org,,Salta,  Av. 5 N° 630  
192,20383719,Cambio De Domicilio,Rechazado,2024-10-23,2024-12-25,25620.63,Salta,132,20383719,Valentina,Juarez,1988-09-04,fausto04@example.org,+54 15 2264 0376,Tucumán,Diagonal 2 N° 606
193,29651317,Reclamo Administrativo,Observado,2025-11-06,2025-07-23,20234.64,Tucumán,63,29651317,Bianca,Sanchez,1968-12-08,torresemilia@example.net,+54 15 2999 8679,Salta,  Diagonal San Martin N° 469  
194,28264996,Solicitud De Subsidio,En revisión,2025-02-25,,11454.85,Misiones,498,28264996,Santino Ezequiel,Gomez,1978-04-21,quirogaagustina@example.net,+54 9 3823 2440,Salta,Avenida  Catamarca N° 29
195,26699974,Inscripción Registral,Iniciado,2023-02-13,,0.0,Salta,212,26699974,Camila,Cardozo,2044-12-26,isuarez@example.org,+54 9 3662 7187,Tucumán,Calle Corrientes N° 661
196,37667469,Alta De Comercio,Aprobado,2024-09-12,2025-01-24,27005.9,Misiones,93,37667469,Ian Ezequiel,Lopez,2000-12-01,lucas-benjamingonzalez@example.com,,Entre Ríos,Avenida J.M. de Rosas N° 8838
197,29668585,Inscripción Registral,En revisión,2024-04-27,,11172.95,Buenos Aires,406,29668585,Bruno,Ferreyra,1989-02-19,joaquinlopez@example.org,+54 15 2472 8179,Santa Fe,  Calle 3 N° 7384  
198,38099899,Alta De Comercio,Iniciado,2024-05-19,,0.0,Buenos Aires,37,38099899,Juan  Ignacio,Ledesma,1986-09-15,guillermina77@example.org,+54 15 2465 9401,Mendoza,Diag. Mitre N° 501
199,23520337,Reclamo Administrativo,En revisión,2025-03-08,,41005.65,Córdoba,236,23520337,Felipe,Peralta,2008-07-06,knavarro@example.net,+54 15 2636 4622,Sin dato,Av. 1 N° 247
200,29347198,Reclamo Administrativo,Iniciado,2023-02-10,,37261.27,Santa Fe,79,29347198,Francisco,Velazquez,1993-12-06,,+54 9 3578 2911,Tucumán,Diagonal Chilecito N° 263
201,44401950,Inscripción Registral,Observado,2024-03-12,2024-02-05,0.0,Tucumán,98,44401950,Alma Valentina,Acosta,2073-03-02,,+54 9 3206 4039,Chaco,  Avenida 2 N° 208  
202,37753534,Cambio De Domicilio,Rechazado,2025-05-31,2025-07-19,14578.94,Misiones,591,37753534,Martin,Vargas,2074-11-06,silvavalentin@example.net,+54 15 2616 4772,Salta,Diagonal 6 N° 176
203,39555733,Reclamo Administrativo,Rechazado,2025-03-26,2025-03-29,11591.01,Salta,251,39555733,Justina,Garcia,1981-07-07,,,Tucumán,Calle J.B. Alberdi N° 9234
204,27756452,Solicitud De Subsidio,Rechazado,2024-04-17,2024-06-04,0.0,Chaco,238,27756452,Guadalupe,Lopez,1960-10-10,vazquezmateo@example.com,+54 9 3692 7033,Córdoba,Diagonal  2 N° 14
205,26402255,Certificado De Residencia,En revisión,2025-09-21,,0.0,Tucumán,470,26402255,Mora,Ruiz,1939-05-23,ofernandez@example.com,+54 15 2265 8263,Misiones,Calle Chaco N° 569
206,37684955,Renovación De Licencia,En revisión,2023-08-25,,37874.38,Misiones,346,37684955,Lautaro Nicolas,Muñoz,1964-02-14,rmiranda@example.net,+54 9 3872 9341,Tucumán,Calle 8 N° 78
207,23445693,Certificado De Residencia,Aprobado,2023-07-17,2023-09-10,35113.15,Buenos Aires,512,23445693,Fausto,Garcia,1983-05-05,juan-cruz88@example.org,+54 15 2456 9741,Santa Fe,Diag.  J.J. Castelli N° 94
208,34306582,Alta De Comercio,Observado,2024-11-21,2024-07-12,8950.74,Chaco,166,34306582,Thiago,Nuñez,1969-06-24,herreramateo-ezequiel@example.net,+54 15 2573 8168,Chaco,Camino San Ferando del Valle de Catamarca N° 46
209,26376137,Alta De Comercio,Observado,2023-12-27,2024-02-19,26362.77,Entre Ríos,144,26376137,Olivia,Flores,1961-06-18,victoriaacosta@example.org,+54 15 2799 9347,Misiones,Av. Belgrano N° 742
210,28332809,Inscripción Registral,En revisión,2023-11-17,,23412.57,Santa Fe,578,28332809,Renzo,Moreno,1978-06-27,bruno67@example.net,+54 15 2287 2760,Entre Ríos,Avenida Comodoro Rivadavia N° 24
211,32526073,Baja De Comercio,Observado,2024-03-27,2024-05-27,0.0,Mendoza,169,32526073,Valentino,Alvarez,1978-07-08,bautistagonzalez@example.com,+54 9 3689 8562,Santa Fe,Av. 126 A N° 43
212,30857838,Inscripción Registral,Iniciado,2023-02-01,,31436.15,Córdoba,205,30857838,Lautaro Ezequiel,Acosta,1986-04-09,santinogimenez@example.com,+54 15 2726 0127,Salta,Avenida 6 N° 17
213,33155918,Cambio De Domicilio,Observado,2024-05-15,2024-06-13,29431.19,Neuquén,359,33155918,Mateo Ezequiel,Vega,1977-05-19,lucas18@example.org,+54 15 2498 9098,Santa Fe,Av. San Martin N° 93
214,33908782,Cambio De Domicilio,Aprobado,2025-02-09,2025-11-13,0.0,Tucumán,413,33908782,Delfina,Gomez,1942-09-01,romeromia@example.org,,Tucumán,Av. Rawson N° 6635
215,28332809,Inscripción Registral,Iniciado,2024-01-28,,0.0,Mendoza,578,28332809,Renzo,Moreno,1978-06-27,bruno67@example.net,+54 15 2287 2760,Entre Ríos,Avenida Comodoro Rivadavia N° 24
216,21025530,Baja De Comercio,Iniciado,2025-01-17,,0.0,Córdoba,222,21025530,Alma Valentina,Ramirez,1997-06-12,valentinogomez@example.com,+54 9 3349 7350,Córdoba,Av. 3 N° 3484
217,35501353,Certificado De Residencia,En revisión,2024-01-21,,16690.92,Córdoba,54,35501353,Juan Cruz,Fernandez,1944-01-11,olivia98@example.com,+54 9 3489 6118,Tucumán,Camino Santa Rosa N° 777
218,33183418,Certificado De Residencia,Observado,2025-11-23,2026-01-13,26768.93,Mendoza,247,33183418,Enzo,Martinez,1974-11-21,castroagustina@example.net,+54 15 2834 7644,Neuquén,  Avenida 1 N° 828  
219,27544493,Certificado De Residencia,Aprobado,2023-10-30,2023-11-18,28116.3,Entre Ríos,171,27544493,Juan Ignacio,Perez,1986-11-11,julianamorales@example.com,+54 9 3718 4992,Entre Ríos,Calle Alvear N° 242
220,33144982,Certificado De Residencia,Iniciado,2025-08-05,,11082.11,Mendoza,183,33144982,Maria Victoria,Leiva,1987-06-19,enzo60@example.net,,Buenos Aires,Calle Güemes N° 125
221,25916445,Renovación De Licencia,Aprobado,2023-12-22,2024-01-14,0.0,Tucumán,392,25916445,Martina,Martinez,1987-05-23,,+54 9 3811 8372,Misiones,Diag. Saavedra N° 3951
222,35352660,Solicitud De Subsidio,Iniciado,2025-04-02,,0.0,Chaco,337,35352660,Faustino,Ferreyra,2005-01-15,abigail92@example.org,+54 15 2745 0189,Buenos Aires,Avenida 4 N° 1641
223,36757650,Solicitud De Subsidio,Iniciado,2024-11-26,,48571.46,Chaco,408,36757650,Delfina,Arias,1963-01-18,paula75@example.net,+54 9 3755 5535,Neuquén,Calle Formosa N° 8170
224,36025978,Renovación De Licencia,Rechazado,2025-04-21,2025-05-14,0.0,Santa Fe,466,36025978,Alfonsina,Gimenez,1998-12-21,dmoreno@example.com,+54 9 3255 8685,Buenos Aires,Av. G. Brown N° 39
225,39759241,Inscripción Registral,Rechazado,2023-06-25,2023-11-07,32927.71,Entre Ríos,85,39759241,Mateo Benjamin,Farias,1967-01-31,ian-benjamin65@example.org,,Misiones,Av. 9 N° 239
226,28130745,Inscripción Registral,En revisión,2024-03-09,,21110.75,Buenos Aires,325,28130745,Manuel,Herrera,1953-10-08,emiliano25@example.com,+54 9 3540 9003,Neuquén,Avenida Tierra del Fuego N° 941
227,23864454,Baja De Comercio,En revisión,2025-08-03,,0.0,Neuquén,67,23864454,Miguel Angel,Cruz,1938-05-19,thiago-lionel92@example.net,+54 9 3122 2927,Tucumán,Diagonal Comodoro Rivadavia N° 8944
228,36516388,Solicitud De Subsidio,Observado,2024-10-12,2025-02-01,17401.9,Córdoba,204,36516388,Jeremias,Perez,1998-01-15,,+54 9 3636 8872,Mendoza,Av. Jujuy N° 362
229,41802627,Baja De Comercio,Rechazado,2025-03-22,2025-03-04,29761.85,Santa Fe,580,41802627,Tiziano,Martinez,1954-04-26,,+54 15 2572 0948,Mendoza,Calle 2 N° 5218
230,43148116,Certificado De Residencia,En revisión,2025-04-04,,15735.22,Mendoza,11,43148116,Micaela,Mendez,1942-10-09,martingabriel@example.org,,Buenos Aires,Blv. Córdoba N° 7794
231,31560470,Baja De Comercio,Aprobado,2025-05-05,2025-12-05,20992.15,Tucumán,136,31560470,Micaela,Perez,1940-04-15,aguirrebianca@example.org,+54 9 3292 5241,Salta,Av. 1 N° 1083
232,30857838,Solicitud De Subsidio,En revisión,2023-08-07,,5074.4,Entre Ríos,205,30857838,Lautaro Ezequiel,Acosta,1986-04-09,santinogimenez@example.com,+54 15 2726 0127,Salta,Avenida 6 N° 17
233,35626143,Baja De Comercio,Observado,2024-01-07,2024-08-28,0.0,Salta,358,35626143,Sofia Belen,Herrera,1988-09-03,paulinagimenez@example.com,+54 9 3772 5199,Santa Fe,Boulevard Paraná N° 572
234,38204242,Alta De Comercio,Aprobado,2023-08-04,2023-05-05,0.0,Córdoba,356,38204242,Juan Bautista,Suarez,1969-01-14,ledesmafacundo@example.org,+54 15 2285 1961,Chaco,  Avenida Mendoza N° 65  
235,43119827,Inscripción Registral,En revisión,2024-01-21,,33086.09,Entre Ríos,530,43119827,Santino,Vega,1973-09-05,maitedominguez@example.net,+54 15 2403 2963,Buenos Aires,Calle Rosario N° 85
236,24115029,Inscripción Registral,Aprobado,2024-08-12,2024-08-14,45700.87,Chaco,108,24115029,Nicolas,Gonzalez,1974-10-04,mateo-benjamin40@example.net,+54 9 3421 1823,Misiones,Avenida La Rioja N° 266
237,43431337,Certificado De Residencia,En revisión,2025-05-31,,36682.27,Mendoza,560,43431337,Lorenzo,Romero,1983-05-16,tfernandez@example.com,+54 9 3904 6226,Chaco,Av.  Belgrano N° 711
238,29946673,Solicitud De Subsidio,Aprobado,2025-11-23,2026-02-08,21338.81,Neuquén,259,29946673,Valentin,Gonzalez,1973-08-17,benjamin43@example.com,+54 15 2234 4857,Mendoza,Calle Bahía Blanca N° 99
239,33339832,Solicitud De Subsidio,Observado,2023-12-13,2023-12-17,33338.62,Buenos Aires,411,33339832,Violeta,Sanchez,1984-04-10,clopez@example.org,,Chaco,Diagonal Resistencia N° 5546
240,37667469,Certificado De Residencia,Aprobado,2023-01-12,2023-12-20,0.0,Santa Fe,93,37667469,Ian Ezequiel,Lopez,2000-12-01,lucas-benjamingonzalez@example.com,,Entre Ríos,Avenida J.M. de Rosas N° 8838
241,23789250,Reclamo Administrativo,Aprobado,2025-09-28,2025-09-10,34393.32,Entre Ríos,309,23789250,Santiago,Sosa,1942-02-04,,,Chaco,Calle 5 N° 91
242,39031404,Reclamo Administrativo,Rechazado,2023-10-04,2023-01-05,41651.68,Córdoba,6,39031404,Matias,Alvarez,1979-02-15,jpereyra@example.org,+54 15 2384 5146,Neuquén,Blv. Ushuaia N° 389
243,39443687,Reclamo Administrativo,En revisión,2024-03-20,,41079.66,Salta,397,39443687,Bautista,Gonzalez,2002-03-18,oalvarez@example.net,+54 15 2289 0309,Salta,Diagonal Río Gallegos N° 21
244,24317226,Renovación De Licencia,Rechazado,2024-11-11,2025-01-19,18772.06,Buenos Aires,119,24317226,Lautaro,Romero,1992-11-16,gsosa@example.com,,Santa Fe,Diagonal Córdoba N° 3398
245,31340008,Baja De Comercio,Rechazado,2024-01-12,2024-12-11,10956.0,Entre Ríos,589,31340008,Thiago Nahuel,Rodriguez,1992-12-30,maximiliano57@example.net,+54 15 2625 7375,Misiones,  Blv. 5 N° 320  
246,32600775,Solicitud De Subsidio,En revisión,2025-08-04,,2223.92,Salta,394,32600775,Matias,Rodriguez,2063-05-03,alexandertorres@example.org,+54 15 2410 6005,Chaco,Calle Chaco N° 1272
247,39071681,Certificado De Residencia,En revisión,2023-10-08,,0.0,Salta,184,39071681,Sofia,Rojas,1961-10-22,rgomez@example.net,,Sin dato,  Blv. San Juan N° 118  
248,33658665,Certificado De Residencia,En revisión,2025-07-26,,32863.95,Salta,13,33658665,Lola,Acuña,1977-03-18,riosciro@example.net,+54 9 3343 5346,Córdoba,Avenida La Pampa N° 8120
249,29174617,Certificado De Residencia,Aprobado,2024-06-15,2024-09-08,42286.34,Córdoba,56,29174617,Francisca,Acuña,1966-02-07,martinjuan-martin@example.com,+54 15 2298 3273,Salta,Av. Bahía Blanca N° 7993
250,39071681,Alta De Comercio,Rechazado,2024-01-05,2024-03-14,47435.96,Tucumán,184,39071681,Sofia,Rojas,1961-10-22,rgomez@example.net,,Sin dato,  Blv. San Juan N° 118  
251,25828808,Certificado De Residencia,Observado,2024-04-24,2024-12-07,0.0,Chaco,203,25828808,Valentino,Herrera,1952-06-08,garciaenzo@example.com,+54 9 3930 0981,Neuquén,Diagonal 6 N° 371
252,23444816,Inscripción Registral,Aprobado,2024-01-31,2024-07-02,33912.32,Buenos Aires,472,23444816,Jeremias,Diaz,2049-10-10,ian-benjamincordoba@example.com,,Buenos Aires,Boulevard  2 N° 55
253,25725535,Renovación De Licencia,Aprobado,2023-06-24,2023-07-17,31981.14,Entre Ríos,556,25725535,Agostina,Garcia,2006-06-29,paulinamendoza@example.net,+54 15 2166 4969,Mendoza,Calle 5 N° 3833
254,27313676,Alta De Comercio,Observado,2023-04-07,2023-08-24,0.0,Chaco,38,27313676,Paulina,Lopez,1973-05-07,lavila@example.net,,Tucumán,Camino La Pampa N° 577
255,43886539,Inscripción Registral,Observado,2023-01-18,2023-01-04,30663.0,Córdoba,250,43886539,Lucía,Gomez,1945-03-25,benjaminvazquez@example.org,+54 9 3477 8097,Entre Ríos,Diagonal 8 N° 141
256,25916445,Reclamo Administrativo,Observado,2023-07-27,2023-07-08,0.0,Córdoba,392,25916445,Martina,Martinez,1987-05-23,,+54 9 3811 8372,Misiones,Diag. Saavedra N° 3951
257,29212279,Solicitud De Subsidio,Iniciado,2023-07-12,,0.0,Neuquén,444,29212279,Josefina,Cruz,1995-04-21,bautistarodriguez@example.org,+54 9 3261 8209,Mendoza,Calle Rosario N° 13
258,32515094,Reclamo Administrativo,En revisión,2024-08-07,,14204.26,Neuquén,485,32515094,Bautista,Flores,1985-09-21,fernandezthiago-lionel@example.net,+54 15 2830 7240,Neuquén,Av. Formosa N° 92
259,34834600,Solicitud De Subsidio,En revisión,2024-04-12,,10753.25,Santa Fe,409,34834600,Lisandro,Paez,1945-10-05,aguerovictoria@example.net,+54 15 2457 9786,Chaco,Diagonal 6 N° 61
260,25428943,Inscripción Registral,Aprobado,2023-11-21,2024-01-20,1394.61,Córdoba,282,25428943,Ambar,Herrera,2002-08-23,martinezlara@example.org,+54 15 2204 1792,Chaco,Calle  J.M. de Rosas N° 492
261,37347875,Inscripción Registral,Observado,2024-05-09,2024-11-03,17476.06,Chaco,295,37347875,Juan,Leiva,1994-09-01,lopezlautaro-nicolas@example.org,+54 15 2562 4112,Córdoba,Calle 3 N° 5870
262,20174322,Reclamo Administrativo,Rechazado,2023-07-14,2023-09-16,33204.58,Córdoba,156,20174322,Santino Agustin,Acosta,2004-11-27,renzocordoba@example.org,,Misiones,Diagonal Santa Fe N° 79
263,35591135,Solicitud De Subsidio,Observado,2024-08-11,2024-12-23,0.0,Neuquén,499,35591135,Catalina,Diaz,2070-03-17,halvarez@example.com,+54 9 3872 3849,Mendoza,Diagonal  J.B. Alberdi N° 13
264,32199762,Reclamo Administrativo,En revisión,2023-03-25,,0.0,Chaco,599,32199762,Josefina,Herrera,2001-07-15,juan-cruzrojas@example.net,+54 15 2977 9323,Neuquén,Boulevard 4 N° 715
265,42966805,Alta De Comercio,Rechazado,2023-04-13,2023-06-21,49610.48,Santa Fe,241,42966805,Maria Belen,Gomez,1958-08-27,,+54 15 2703 8457,Misiones,Calle Alem N° 494
266,41643655,Reclamo Administrativo,Rechazado,2025-02-18,2025-04-30,31698.65,Entre Ríos,163,41643655,Benjamin,Franco,2006-07-03,lucas99@example.com,+54 9 3517 1545,Neuquén,Diagonal Ushuaia N° 339
267,31262896,Certificado De Residencia,Observado,2025-09-28,2025-06-12,8269.91,Salta,515,31262896,Mateo Ezequiel,Vargas,2003-05-31,cordobanicolas@example.net,+54 9 3587 6998,Mendoza,Avenida 4 N° 15
268,38802227,Inscripción Registral,Iniciado,2024-12-27,,0.0,Neuquén,296,38802227,Faustino,Rojas,1945-06-04,ciro04@example.org,+54 15 2603 8569,Entre Ríos,Diagonal Río Negro N° 988
269,44756404,Cambio De Domicilio,Rechazado,2025-07-22,2025-09-13,47301.71,Mendoza,429,44756404,Priscila,Dominguez,2002-10-27,cabreraciro-benjamin@example.net,+54 15 2121 5285,Córdoba,Avenida Formosa N° 9523
270,27544493,Inscripción Registral,Observado,2023-09-06,2023-08-29,0.0,Entre Ríos,171,27544493,Juan Ignacio,Perez,1986-11-11,julianamorales@example.com,+54 9 3718 4992,Entre Ríos,Calle Alvear N° 242
271,31454044,Inscripción Registral,En revisión,2024-08-01,,0.0,Neuquén,246,31454044,Bautista,Blanco,2007-07-30,dcastillo@example.org,+54 9 3960 9656,Salta,Camino Buenos Aires N° 871
272,41753347,Certificado De Residencia,Rechazado,2024-01-23,2024-02-24,0.0,Neuquén,473,41753347,Luciano Benjamin,Gomez,1971-09-15,ian-ezequiel36@example.org,+54 9 3706 1713,Entre Ríos,Avenida San Miguel de Tucumán N° 352
273,26775713,Renovación De Licencia,En revisión,2023-05-26,,43419.6,Salta,340,26775713,Maite,Pereyra,1957-03-12,molinabastian@example.net,+54 15 2586 6179,Córdoba,Av. Río Gallegos N° 813
274,28410559,Alta De Comercio,Rechazado,2024-02-26,2024-03-31,0.0,Salta,73,28410559,Martina,Molina,1995-05-01,,+54 9 3422 1704,Santa Fe,Calle 1 N° 974
275,38058086,Certificado De Residencia,Aprobado,2025-07-14,2025-09-04,0.0,Neuquén,41,38058086,Renata,Suarez,1970-02-05,ymolina@example.org,+54 15 2114 6584,Chaco,Avenida Neuquén N° 378
276,44104258,Baja De Comercio,En revisión,2025-03-17,,0.0,Córdoba,115,44104258,Julieta,Duarte,1959-11-17,vcordoba@example.com,+54 9 3469 2459,Mendoza,  Calle San Salvador de Jujuy N° 4467  
277,26402255,Inscripción Registral,Rechazado,2025-08-17,2025-09-18,39475.01,Neuquén,470,26402255,Mora,Ruiz,1939-05-23,ofernandez@example.com,+54 15 2265 8263,Misiones,Calle Chaco N° 569
278,25428943,Baja De Comercio,Observado,2025-05-24,2025-05-29,44068.44,Tucumán,282,25428943,Ambar,Herrera,2002-08-23,martinezlara@example.org,+54 15 2204 1792,Chaco,Calle  J.M. de Rosas N° 492
279,40936975,Solicitud De Subsidio,En revisión,2024-02-11,,0.0,Santa Fe,315,40936975,Olivia,Sanchez,2063-05-02,lgonzalez@example.net,+54 9 3827 6246,Chaco,  Av. J.M. de Rosas N° 888  
280,21882904,Solicitud De Subsidio,Observado,2025-11-28,2026-05-01,0.0,Buenos Aires,151,21882904,Justina,Sosa,1963-01-10,kcaceres@example.net,+54 15 2627 1040,Mendoza,Calle Paraná N° 73
281,30663126,Reclamo Administrativo,Aprobado,2023-12-21,2024-02-25,32370.65,Misiones,266,30663126,Clara,Cabrera,1972-11-19,elenarodriguez@example.net,+54 15 2408 5140,Entre Ríos,Av. Salta N° 776
282,31220254,Baja De Comercio,Observado,2023-04-09,2023-10-22,0.0,Córdoba,322,31220254,Martina,Figueroa,1958-04-18,bcastro@example.com,+54 15 2532 4204,Buenos Aires,  Calle Buenos Aires N° 1720  
283,31864697,Baja De Comercio,En revisión,2025-06-23,,32674.83,Chaco,351,31864697,Francesca,Gonzalez,2002-12-21,alvarorodriguez@example.net,,Tucumán,Boulevard  Mitre N° 4697
284,37840292,Cambio De Domicilio,Iniciado,2023-09-27,,33380.08,Córdoba,584,37840292,Luca,Rojas,1948-12-16,,+54 9 3458 7149,Entre Ríos,Calle Córdoba N° 73
285,44668214,Renovación De Licencia,Observado,2023-06-19,2023-06-28,13175.57,Mendoza,338,44668214,Mateo,Vargas,1956-04-06,juan-ignacioaguirre@example.com,+54 9 3492 5158,Santa Fe,Camino  Río Negro N° 729
286,27086368,Solicitud De Subsidio,Rechazado,2025-12-22,2026-01-14,0.0,Tucumán,234,27086368,Benicio,Fernandez,1962-06-03,franciscocorrea@example.org,,Córdoba,  Diagonal Mitre N° 5119  
287,29651317,Certificado De Residencia,En revisión,2023-01-29,,16283.49,Mendoza,63,29651317,Bianca,Sanchez,1968-12-08,torresemilia@example.net,+54 15 2999 8679,Salta,  Diagonal San Martin N° 469  
288,30175719,Cambio De Domicilio,Iniciado,2023-03-09,,0.0,Buenos Aires,490,30175719,Facundo,Ponce,2007-11-18,antonella45@example.com,+54 15 2254 5897,Sin dato,Av.  Salta N° 74
289,23458283,Certificado De Residencia,Rechazado,2025-01-31,2025-02-15,12961.51,Tucumán,596,23458283,Luana,Benitez,1997-07-07,francisco16@example.com,+54 15 2145 0232,Santa Fe,Calle  8 N° 4059
290,25720262,Solicitud De Subsidio,En revisión,2023-08-28,,0.0,Tucumán,505,25720262,Catalina,Gonzalez,2005-10-09,diazalma-valentina@example.org,+54 9 3969 8152,Tucumán,Diag. San Luis N° 6895
291,39893718,Alta De Comercio,Observado,2025-08-16,2025-09-25,16300.77,Chaco,575,39893718,Pedro,Gomez,1946-04-13,,+54 15 2456 5237,Misiones,Avenida  San Luis N° 84
292,22497804,Solicitud De Subsidio,En revisión,2024-04-27,,17450.37,Santa Fe,508,22497804,Thiago Benjamin,Romero,1991-06-14,sofiamaldonado@example.com,+54 15 2637 1990,Entre Ríos,Boulevard 191 Bis N° 5712
293,39256358,Cambio De Domicilio,Iniciado,2025-07-06,,16340.79,Córdoba,199,39256358,Felipe,Fernandez,1979-07-29,dominguezrenata@example.com,+54 15 2777 7392,Sin dato,Calle 3 N° 91
294,23152784,Baja De Comercio,Observado,2023-09-06,2023-06-07,38436.67,Santa Fe,308,23152784,Helena,Vargas,1941-04-19,cnavarro@example.org,+54 15 2508 9071,Mendoza,  Avenida 1 N° 4149  
295,27034632,Reclamo Administrativo,Aprobado,2023-11-21,2024-01-27,23863.09,Tucumán,161,27034632,Thiago,Luna,1948-03-08,wnunez@example.com,+54 15 2341 4060,Salta,  Diagonal Rivadavia N° 5373  
296,40478333,Inscripción Registral,En revisión,2025-11-22,,21552.25,Salta,380,40478333,Mateo,Alvarez,2000-01-16,guillermina72@example.com,,Córdoba,Diagonal Santa Fe N° 44
297,39031404,Inscripción Registral,Rechazado,2025-07-27,2025-04-08,1464.24,Mendoza,6,39031404,Matias,Alvarez,1979-02-15,jpereyra@example.org,+54 15 2384 5146,Neuquén,Blv. Ushuaia N° 389
298,38311474,Reclamo Administrativo,Aprobado,2024-06-13,2024-07-31,31069.01,Tucumán,263,38311474,Sara,Figueroa,1959-05-31,ariasjulia@example.com,,Neuquén,Avenida  7 N° 6699
299,22892911,Certificado De Residencia,Iniciado,2024-04-25,,39170.78,Chaco,110,22892911,Kiara,Ayala,1952-05-25,eperez@example.net,+54 9 3489 0250,Córdoba,Diagonal Tierra del Fuego N° 3144
300,30105078,Renovación De Licencia,Aprobado,2024-09-01,2024-11-18,14164.29,Tucumán,256,30105078,Martín,Ramirez,1989-01-11,tiziano58@example.net,+54 15 2539 5512,Córdoba,Avenida J.B. Alberdi N° 723
301,38306542,Alta De Comercio,Rechazado,2025-12-29,2026-01-16,43760.56,Neuquén,114,38306542,Ramiro,Lopez,1955-04-04,morena12@example.com,+54 9 3464 7154,Chaco,Av. Santa Cruz N° 23
302,30857838,Solicitud De Subsidio,Observado,2023-07-30,2023-11-08,0.0,Entre Ríos,205,30857838,Lautaro Ezequiel,Acosta,1986-04-09,santinogimenez@example.com,+54 15 2726 0127,Salta,Avenida 6 N° 17
303,20361830,Cambio De Domicilio,Rechazado,2023-07-23,2023-08-20,10349.77,Tucumán,370,20361830,Julia,Sanchez,1964-03-25,catalina90@example.net,,Neuquén,Diagonal 1 N° 650
304,36872408,Reclamo Administrativo,Observado,2024-07-21,2024-07-24,0.0,Misiones,262,36872408,Ian Ezequiel,Ruiz,1986-12-09,francesco57@example.com,+54 15 2317 1577,Chaco,Avenida Neuquén N° 27
305,37939081,Renovación De Licencia,Iniciado,2024-03-13,,14491.0,Córdoba,383,37939081,Santino,Rodriguez,1938-06-02,ignacioperalta@example.com,+54 9 3143 9284,Tucumán,Avenida G. Brown N° 1686
306,42325123,Alta De Comercio,Observado,2024-09-22,2024-04-10,30696.56,Córdoba,78,42325123,Sofia,Fernandez,1941-11-01,tiziano-valentinacosta@example.org,+54 9 3351 8844,Córdoba,Boulevard Santa Fe N° 69
307,29998521,Inscripción Registral,Aprobado,2025-09-15,2025-11-14,22975.33,Salta,442,29998521,Lola,Cabrera,1959-04-29,moralesbenjamin@example.com,+54 15 2242 4089,Misiones,Diagonal Santa Fe N° 949
308,43186770,Renovación De Licencia,Rechazado,2024-02-28,2024-12-05,0.0,Mendoza,22,43186770,Felicitas,Martinez,1950-02-28,gonzalezdylan-benjamin@example.net,+54 15 2776 9367,Buenos Aires,Diagonal Constitución N° 4136
309,32199762,Inscripción Registral,Aprobado,2023-10-14,2023-12-22,0.0,Buenos Aires,599,32199762,Josefina,Herrera,2001-07-15,juan-cruzrojas@example.net,+54 15 2977 9323,Neuquén,Boulevard 4 N° 715
310,34843168,Inscripción Registral,Observado,2025-05-22,2025-05-28,46459.04,Mendoza,547,34843168,Simon,Ledesma,1953-11-30,castrolorenzo@example.com,+54 15 2905 7563,Misiones,Boulevard Rivadavia N° 142
311,34720963,Cambio De Domicilio,En revisión,2024-03-02,,1851.17,Chaco,311,34720963,Valentino,Coronel,1987-01-26,rodriguezmorena@example.com,+54 9 3779 4738,Chaco,Camino Rawson N° 3715
312,41405867,Reclamo Administrativo,Rechazado,2025-05-27,2025-05-31,0.0,Salta,127,41405867,Thiago,Rodriguez,1993-08-19,ruizlautaro-ezequiel@example.net,+54 9 3877 5901,Santa Fe,Diagonal Catamarca N° 7643
313,31795578,Alta De Comercio,Iniciado,2024-04-17,,6457.74,Neuquén,182,31795578,Renata,Quiroga,1990-06-04,valentina-jazmin85@example.net,+54 15 2333 9452,Tucumán,Diagonal La Pampa N° 958
314,33953793,Inscripción Registral,Aprobado,2024-04-02,2024-03-29,0.0,Salta,367,33953793,Thiago,Lopez,1936-04-22,navarrothiago-ezequiel@example.net,+54 9 3831 9433,Buenos Aires,Calle J.M. de Rosas N° 1943
315,32627759,Alta De Comercio,Rechazado,2025-10-10,2025-10-23,0.0,Salta,431,32627759,Lola,Gonzalez,2067-01-27,catalinagutierrez@example.org,+54 9 3817 0243,Chaco,Avenida Santa Rosa N° 2884
316,41605005,Solicitud De Subsidio,Iniciado,2023-09-15,,0.0,Neuquén,483,41605005,Bruno,Silva,1983-11-25,,+54 9 3241 5833,Santa Fe,Av. 4 N° 48
317,22642648,Baja De Comercio,En revisión,2024-08-14,,3528.48,Tucumán,10,22642648,Santiago,Gomez,1967-03-02,uramirez@example.org,+54 15 2406 5133,Salta,Calle Córdoba N° 283
318,20629641,Reclamo Administrativo,Observado,2023-03-26,2023-05-19,37227.35,Santa Fe,381,20629641,Facundo,Martinez,1951-01-08,kpaez@example.org,+54 9 3848 1214,Misiones,Avenida Buenos Aires N° 679
319,41550706,Renovación De Licencia,Iniciado,2025-01-29,,15650.21,Tucumán,374,41550706,Benicio,Suarez,1980-12-12,emmafigueroa@example.org,+54 15 2949 6854,Chaco,Calle Güemes N° 641
320,42158435,Inscripción Registral,Iniciado,2023-12-19,,2194.03,Salta,329,42158435,Santino  Agustin,Blanco,1982-11-12,mia-morenabravo@example.org,+54 9 3520 6969,Neuquén,Blv. 3 N° 9170
321,29977515,Baja De Comercio,Observado,2025-06-25,2025-08-13,0.0,Salta,48,29977515,Thiago  Lionel,Torres,1972-03-04,ludmila47@example.com,,Mendoza,   Diagonal Constitución N° 861  
322,42560013,Certificado De Residencia,Iniciado,2025-08-02,,7153.07,Buenos Aires,68,42560013,Mateo Benjamin,Sanchez,1994-08-28,mbarrios@example.com,+54 9 3374 6886,Córdoba,Diag. Saavedra N° 6097
323,44983903,Solicitud De Subsidio,Rechazado,2025-05-21,2025-07-21,47866.82,Córdoba,319,44983903,Delfina,Perez,1957-04-30,ncordoba@example.net,+54 15 2991 9541,Sin dato,Avenida Santa Fe N° 59
324,30175719,Baja De Comercio,Rechazado,2024-09-25,2024-12-08,37287.67,Tucumán,490,30175719,Facundo,Ponce,2007-11-18,antonella45@example.com,+54 15 2254 5897,Sin dato,Av.  Salta N° 74
325,24115029,Solicitud De Subsidio,En revisión,2023-04-16,,33583.64,Neuquén,108,24115029,Nicolas,Gonzalez,1974-10-04,mateo-benjamin40@example.net,+54 9 3421 1823,Misiones,Avenida La Rioja N° 266
326,42656939,Baja De Comercio,En revisión,2025-01-10,,31778.07,Santa Fe,274,42656939,Tomas,Ferreyra,1955-11-07,thiago-benjamin14@example.net,+54 9 3373 9385,Neuquén,Calle Constitución N° 2096
327,20495191,Cambio De Domicilio,En revisión,2025-12-15,,16465.35,Chaco,15,20495191,Maria Emilia,Fernandez,1956-11-03,luciodiaz@example.net,+54 9 3587 4016,Tucumán,Avenida 3 N° 348
328,36195489,Reclamo Administrativo,En revisión,2025-02-14,,0.0,Chaco,353,36195489,Martina,Figueroa,1978-11-17,zoe-jazminsanchez@example.com,+54 15 2105 4851,Santa Fe,  Boulevard J.M. de Rosas N° 860  
329,20558243,Inscripción Registral,Aprobado,2024-09-08,2024-01-11,17378.66,Misiones,121,20558243,Santiago,Romero,1969-01-10,felicitas78@example.net,+54 9 3696 9691,Neuquén,Av. Resistencia N° 2439
330,39703443,Inscripción Registral,Iniciado,2023-04-25,,39206.74,Buenos Aires,468,39703443,Clara,Gonzalez,1956-10-15,xdiaz@example.com,,Sin dato,Diagonal  Malvinas Argentinas N° 604
331,28702406,Alta De Comercio,En revisión,2025-06-23,,6751.81,Chaco,557,28702406,Antonella,Caceres,1939-07-21,sanchezbautista-benjamin@example.com,+54 9 3362 7023,Neuquén,Calle Comodoro Rivadavia N° 4631
332,27059399,Baja De Comercio,Observado,2023-07-09,2023-09-18,0.0,Buenos Aires,447,27059399,Dylan Ezequiel,Martinez,2005-06-13,benicio95@example.org,+54 9 3910 9226,Chaco,Calle Santa Rosa N° 55
333,36516388,Baja De Comercio,Aprobado,2024-01-17,2024-03-25,34837.89,Santa Fe,204,36516388,Jeremias,Perez,1998-01-15,,+54 9 3636 8872,Mendoza,Av. Jujuy N° 362
334,32054802,Cambio De Domicilio,En revisión,2025-07-02,,0.0,Salta,384,32054802,Ambar,Olivera,2005-01-31,umartinez@example.net,,Misiones,Calle Santiago del Estero N° 74
335,40982358,Certificado De Residencia,Rechazado,2025-05-12,2026-10-02,0.0,Córdoba,304,40982358,Joaquina,Morales,1970-05-18,torresmaria-paz@example.org,,Chaco,Calle Formosa N° 155
336,21338058,Renovación De Licencia,Observado,2025-06-18,2025-12-09,0.0,Mendoza,258,21338058,Lourdes,Barrios,1946-11-15,thiago-gabriel84@example.com,+54 15 2718 2307,Entre Ríos,Av. Ciudad Autónoma de Buenos Aires N° 260
337,40774671,Reclamo Administrativo,En revisión,2023-03-09,,0.0,Tucumán,401,40774671,Camila,Lopez,1967-05-11,ycoronel@example.com,+54 15 2366 1498,Córdoba,Calle Mendoza N° 577
338,26376137,Baja De Comercio,Rechazado,2023-10-22,2023-07-11,33775.78,Buenos Aires,144,26376137,Olivia,Flores,1961-06-18,victoriaacosta@example.org,+54 15 2799 9347,Misiones,Av. Belgrano N° 742
339,20558243,Certificado De Residencia,Observado,2025-05-07,2025-08-14,41200.9,Neuquén,121,20558243,Santiago,Romero,1969-01-10,felicitas78@example.net,+54 9 3696 9691,Neuquén,Av. Resistencia N° 2439
340,36025978,Solicitud De Subsidio,En revisión,2024-05-18,,0.0,Chaco,466,36025978,Alfonsina,Gimenez,1998-12-21,dmoreno@example.com,+54 9 3255 8685,Buenos Aires,Av. G. Brown N° 39
341,29172605,Certificado De Residencia,Observado,2024-04-24,2024-05-16,4884.36,Neuquén,437,29172605,Santiago,Duarte,1962-02-03,santino08@example.org,+54 9 3455 9895,Mendoza,Avenida Mendoza N° 23
342,29427853,Certificado De Residencia,En revisión,2024-09-10,,0.0,Tucumán,372,29427853,Alma Jazmin,Benitez,2057-08-19,rrodriguez@example.org,+54 15 2446 6196,Mendoza,Diagonal Mitre N° 78
343,27441374,Reclamo Administrativo,Aprobado,2023-12-03,2023-06-02,1139.84,Chaco,283,27441374,Luciana,Flores,1994-11-13,rromero@example.net,+54 15 2253 0925,Chaco,Calle 7 N° 69
344,40434437,Solicitud De Subsidio,Observado,2025-12-26,2026-02-28,30528.08,Salta,249,40434437,Lucia,Godoy,2041-07-11,gojeda@example.net,+54 15 2368 6025,Misiones,Calle 1 N° 854
345,31099514,Alta De Comercio,Observado,2023-01-25,2023-08-02,18354.69,Neuquén,44,31099514,Martina,Rodriguez,1981-09-13,mateo-joaquin16@example.org,+54 15 2172 4005,Tucumán,Avenida San Ferando del Valle de Catamarca N° 73
346,38581904,Certificado De Residencia,Rechazado,2024-06-05,2024-12-05,0.0,Neuquén,432,38581904,Ambar,Benitez,2045-01-11,tgonzalez@example.org,+54 15 2634 0266,Tucumán,   Calle Rivadavia N° 7481  
347,42852436,Inscripción Registral,Iniciado,2024-12-13,,46073.15,Chaco,186,42852436,Pedro,Castro,2045-02-13,benjamin72@example.org,+54 15 2959 0947,Buenos Aires,Diagonal Paraná N° 922
348,38044037,Solicitud De Subsidio,Aprobado,2025-09-07,2025-04-12,23181.13,Tucumán,260,38044037,Santino,Molina,1975-09-24,,+54 15 2114 9587,Misiones,Av. 1 N° 12
349,44226096,Inscripción Registral,En revisión,2024-05-06,,0.0,Chaco,165,44226096,Mia Morena,Carrizo,1972-08-29,maitelucero@example.org,+54 9 3617 2482,Mendoza,Avenida Entre Ríos N° 746
350,20611715,Cambio De Domicilio,Aprobado,2025-12-02,2025-03-30,0.0,Salta,92,20611715,Luca,Rodriguez,1965-10-18,,+54 15 2582 6773,Córdoba,Diagonal San Miguel de Tucumán N° 9913
351,39142372,Reclamo Administrativo,Observado,2023-11-03,2023-05-14,17854.4,Entre Ríos,321,39142372,Maximo,Torres,1946-05-30,thiago-valentinvazquez@example.com,+54 9 3351 3644,Neuquén,Diagonal San Salvador de Jujuy N° 34
352,36199109,Cambio De Domicilio,En revisión,2024-01-24,,37960.14,Salta,164,36199109,Bautista Benjamin,Mendoza,1994-03-06,rdominguez@example.org,+54 15 2174 4666,Mendoza,Blv.  Corrientes N° 983
353,42325123,Solicitud De Subsidio,En revisión,2025-11-11,,26874.97,Salta,78,42325123,Sofia,Fernandez,1941-11-01,tiziano-valentinacosta@example.org,+54 9 3351 8844,Córdoba,Boulevard Santa Fe N° 69
354,28375577,Alta De Comercio,Aprobado,2023-10-30,2024-01-17,0.0,Santa Fe,107,28375577,Rosario,Carrizo,1991-04-06,ofernandez@example.org,+54 15 2120 3875,Neuquén,Diagonal Santa Cruz N° 1790
355,36188931,Cambio De Domicilio,Iniciado,2023-03-10,,0.0,Buenos Aires,281,36188931,Guillermina,Soto,1994-11-20,gonzalezisabella@example.net,+54 15 2361 3878,Córdoba,Avenida Belgrano N° 38
356,40982358,Certificado De Residencia,En revisión,2025-08-09,,28037.96,Mendoza,304,40982358,Joaquina,Morales,1970-05-18,torresmaria-paz@example.org,,Chaco,Calle Formosa N° 155
357,39398947,Reclamo Administrativo,En revisión,2023-01-31,,35483.92,Tucumán,423,39398947,Bautista,Perez,1963-06-30,camilarodriguez@example.com,+54 9 3628 3143,Chaco,Diagonal Salta N° 366
358,29998521,Cambio De Domicilio,Aprobado,2024-10-16,2024-12-02,0.0,Mendoza,442,29998521,Lola,Cabrera,1959-04-29,moralesbenjamin@example.com,+54 15 2242 4089,Misiones,Diagonal Santa Fe N° 949
359,32912618,Inscripción Registral,Observado,2024-04-16,2024-03-05,36019.44,Misiones,552,32912618,Francesco,Diaz,1962-12-19,lucerothiago-joaquin@example.com,+54 15 2524 0642,Salta,Avenida  4 N° 3453
360,24805805,Renovación De Licencia,Rechazado,2025-04-16,2025-05-21,0.0,Santa Fe,230,24805805,Guadalupe,Juarez,2040-10-18,ambarsoria@example.org,+54 9 3505 8650,Santa Fe,Diagonal Jujuy N° 49
361,23449181,Renovación De Licencia,Observado,2023-05-27,2023-07-24,3656.95,Tucumán,23,23449181,Luciana,Ledesma,1969-07-15,bastiangomez@example.org,,Entre Ríos,Boulevard La Rioja N° 5747
362,37840292,Certificado De Residencia,Aprobado,2024-09-03,2024-03-13,11152.6,Misiones,584,37840292,Luca,Rojas,1948-12-16,,+54 9 3458 7149,Entre Ríos,Calle Córdoba N° 73
363,44575346,Reclamo Administrativo,Aprobado,2024-12-25,2025-01-24,0.0,Entre Ríos,312,44575346,Angel Gabriel,Aguirre,1943-04-21,rpereyra@example.org,+54 15 2226 6912,Sin dato,Calle Rawson N° 264
364,31477130,Alta De Comercio,Iniciado,2023-06-12,,36653.83,Mendoza,420,31477130,Juana,Gomez,1959-05-14,lolaquiroga@example.com,+54 9 3218 9813,Córdoba,Av. 3 N° 86
365,33984667,Renovación De Licencia,En revisión,2025-02-02,,0.0,Salta,235,33984667,Sebastian,Silva,1941-05-09,ayalaignacio@example.com,+54 9 3513 9060,Misiones,Avenida San Luis N° 94
366,37720478,Baja De Comercio,Rechazado,2023-11-30,2024-01-22,0.0,Salta,588,37720478,Santino,Fernandez,1990-05-13,maria-belen62@example.org,+54 9 3693 8173,Salta,Diagonal Formosa N° 143
367,29946673,Cambio De Domicilio,Rechazado,2023-12-09,2023-09-24,17316.15,Misiones,259,29946673,Valentin,Gonzalez,1973-08-17,benjamin43@example.com,+54 15 2234 4857,Mendoza,Calle Bahía Blanca N° 99
368,27048205,Renovación De Licencia,Iniciado,2025-05-24,,0.0,Misiones,264,27048205,Juliana,Lopez,1984-04-07,mgomez@example.com,+54 9 3281 7246,Neuquén,Diagonal Santa Cruz N° 8615
369,33658665,Renovación De Licencia,Iniciado,2024-07-10,,0.0,Neuquén,13,33658665,Lola,Acuña,1977-03-18,riosciro@example.net,+54 9 3343 5346,Córdoba,Avenida La Pampa N° 8120
370,33794495,Inscripción Registral,En revisión,2024-03-21,,30186.06,Chaco,511,33794495,Juan Ignacio,Lopez,1938-10-25,juan-martin34@example.org,+54 9 3471 1148,Buenos Aires,Diagonal La Rioja N° 5367
371,31795578,Certificado De Residencia,Observado,2025-04-19,2025-05-09,40456.64,Tucumán,182,31795578,Renata,Quiroga,1990-06-04,valentina-jazmin85@example.net,+54 15 2333 9452,Tucumán,Diagonal La Pampa N° 958
372,38498673,Alta De Comercio,Aprobado,2025-09-12,2026-07-03,49868.42,Chaco,111,38498673,Tiziano,Roldan,1985-01-18,olivia21@example.net,+54 9 3701 6315,Mendoza,Avenida Alem N° 847
373,35976000,Alta De Comercio,Rechazado,2024-04-10,2024-01-12,7498.38,Chaco,562,35976000,Martín,Chavez,1974-06-10,faguero@example.org,+54 15 2859 4389,Tucumán,Av. La Plata N° 88
374,37777624,Alta De Comercio,Rechazado,2025-02-08,2025-08-08,37967.71,Tucumán,193,37777624,Juana,Rodriguez,1942-10-17,wduarte@example.org,+54 15 2814 9135,Entre Ríos,Diagonal Corrientes N° 626
375,42158435,Solicitud De Subsidio,En revisión,2025-11-29,,0.0,Buenos Aires,329,42158435,Santino  Agustin,Blanco,1982-11-12,mia-morenabravo@example.org,+54 9 3520 6969,Neuquén,Blv. 3 N° 9170
376,44085691,Reclamo Administrativo,Iniciado,2023-02-28,,49618.22,Buenos Aires,504,44085691,Paulina,Juarez,1996-12-29,,+54 15 2898 3347,Salta,Avenida Tucumán N° 94
377,26360159,Solicitud De Subsidio,Iniciado,2025-06-04,,37093.22,Buenos Aires,541,26360159,Constanza,Torres,1990-11-17,maximogomez@example.org,+54 9 3810 6728,Salta,Camino 7 N° 274
378,34720963,Reclamo Administrativo,Rechazado,2024-05-10,2024-10-30,0.0,Santa Fe,311,34720963,Valentino,Coronel,1987-01-26,rodriguezmorena@example.com,+54 9 3779 4738,Chaco,Camino Rawson N° 3715
379,44378968,Certificado De Residencia,Aprobado,2025-04-28,2025-05-08,0.0,Córdoba,227,44378968,Luciano,Sosa,1945-06-17,suarezsimon@example.com,+54 9 3839 2855,Tucumán,Diag. San Miguel de Tucumán N° 9231
380,41911483,Inscripción Registral,Iniciado,2023-03-19,,41415.32,Salta,298,41911483,Emma,Gonzalez,2058-09-27,simontorres@example.org,+54 15 2355 2578,Buenos Aires,Calle Ciudad Autónoma de Buenos Aires N° 387
381,36471155,Solicitud De Subsidio,En revisión,2023-11-03,,10641.38,Tucumán,46,36471155,Juan Gabriel,Diaz,1963-09-16,ygomez@example.net,+54 9 3194 4064,Córdoba,  Diagonal Tucumán N° 5947  
382,31477130,Reclamo Administrativo,Iniciado,2024-03-29,,40927.87,Neuquén,420,31477130,Juana,Gomez,1959-05-14,lolaquiroga@example.com,+54 9 3218 9813,Córdoba,Av. 3 N° 86
383,43148116,Certificado De Residencia,Rechazado,2023-06-26,2023-07-02,0.0,Chaco,11,43148116,Micaela,Mendez,1942-10-09,martingabriel@example.org,,Buenos Aires,Blv. Córdoba N° 7794
384,41784860,Baja De Comercio,En revisión,2023-02-08,,0.0,Neuquén,69,41784860,Lucas Benjamin,Vera,1973-04-15,garciapaulina@example.com,+54 9 3682 6137,Chaco,Av. J.B. Alberdi N° 732
385,38073022,Reclamo Administrativo,Iniciado,2025-12-08,,27960.12,Santa Fe,268,38073022,Candela,Escobar,1986-05-22,drios@example.net,+54 9 3787 6532,Neuquén,  Av. Tucumán N° 95  
386,25269235,Alta De Comercio,Iniciado,2025-04-27,,0.0,Córdoba,531,25269235,Valentino,Godoy,1942-06-02,benjaminrodriguez@example.net,+54 15 2420 6496,Salta,Av. Santiago del Estero N° 5483
387,37796074,Certificado De Residencia,Rechazado,2025-12-19,2026-08-03,0.0,Buenos Aires,248,37796074,Catalina,Gimenez,1948-09-30,francescasanchez@example.org,+54 15 2679 3714,Neuquén,Boulevard Córdoba N° 212
388,32926439,Inscripción Registral,Aprobado,2025-04-07,2025-08-06,0.0,Tucumán,157,32926439,Camila,Romero,2055-10-15,aavila@example.net,+54 9 3216 2299,Tucumán,  Av. Belgrano N° 7855  
389,32714537,Inscripción Registral,Iniciado,2023-02-02,,0.0,Mendoza,518,32714537,Francisco,Lopez,1999-03-24,martinezambar@example.org,+54 9 3595 0830,Neuquén,Calle  Pte. Perón N° 1548
390,23576476,Baja De Comercio,Observado,2025-10-14,2025-11-20,34395.76,Misiones,31,23576476,Pilar,Sosa,1954-06-26,emiliano48@example.org,+54 15 2813 6783,Misiones,Av. Ciudad Autónoma de Buenos Aires N° 47
391,28749844,Inscripción Registral,Observado,2025-03-08,2025-03-30,45125.22,Buenos Aires,18,28749844,Olivia,Gonzalez,1969-12-26,,+54 15 2230 3654,Neuquén,  Avenida Alem N° 681  
392,37790526,Reclamo Administrativo,Iniciado,2023-12-30,,0.0,Misiones,391,37790526,Samuel,Castro,2008-04-14,navarrojuan-bautista@example.com,+54 9 3872 4380,Santa Fe,Diagonal 8 N° 476
393,43547809,Certificado De Residencia,Iniciado,2023-04-14,,34437.69,Mendoza,76,43547809,Bautista,Godoy,2062-02-23,benjamin-alejandrofernandez@example.net,+54 9 3702 1355,Entre Ríos,Calle Saavedra N° 658
394,43388450,Certificado De Residencia,Observado,2024-03-17,2024-04-19,0.0,Santa Fe,503,43388450,Bautista,Gonzalez,1989-02-15,catalinagomez@example.net,+54 9 3753 3126,Mendoza,Calle Güemes N° 28
395,23288307,Reclamo Administrativo,Aprobado,2025-06-02,2025-02-27,23266.64,Misiones,398,23288307,Valentino,Aguirre,1950-05-16,cdiaz@example.org,+54 9 3752 4508,Sin dato,Avenida Ciudad Autónoma de Buenos Aires N° 66
396,37586469,Inscripción Registral,Rechazado,2025-01-20,2025-06-02,44239.28,Chaco,233,37586469,Benjamin,Gonzalez,1956-05-23,gutierrezpriscila@example.com,+54 15 2943 3504,Sin dato,Av. San Luis N° 18
397,28597504,Reclamo Administrativo,Rechazado,2025-05-31,2025-07-30,0.0,Mendoza,455,28597504,Juan  Pablo,Rodriguez,1979-03-20,,+54 9 3119 9097,Salta,Calle 5 N° 65
398,31504069,Reclamo Administrativo,Rechazado,2024-02-22,2024-03-05,19945.06,Misiones,373,31504069,Violeta,Lucero,1980-10-30,jeremias07@example.net,+54 9 3293 1109,Santa Fe,Diag. San Luis N° 95
399,40250556,Cambio De Domicilio,Aprobado,2024-03-06,2024-08-22,46887.54,Chaco,464,40250556,Ian Ezequiel,Ortiz,1995-09-15,bautistacarrizo@example.net,+54 15 2855 0272,Córdoba,Calle Alem N° 188
400,20794046,Solicitud De Subsidio,En revisión,2025-07-16,,28965.92,Santa Fe,25,20794046,Ignacio,Medina,1940-03-03,xalvarez@example.net,,Tucumán,Blv. J.B. Alberdi N° 488
401,26711706,Certificado De Residencia,Aprobado,2023-07-20,2023-09-18,0.0,Buenos Aires,422,26711706,Valentino,Aguirre,1958-06-21,sofia83@example.net,+54 15 2403 0324,Neuquén,Diagonal  Rivadavia N° 347
402,41140039,Cambio De Domicilio,Aprobado,2023-07-12,2023-12-19,42113.59,Entre Ríos,55,41140039,Sebastian,Sanchez,1958-06-10,thiago27@example.org,,Santa Fe,Blv. 9 N° 761
403,43876850,Solicitud De Subsidio,Rechazado,2023-07-14,2023-09-13,0.0,Salta,598,43876850,Ignacio,Paez,1938-02-14,ian-ezequielgonzalez@example.com,+54 15 2721 0531,Neuquén,Calle 176 B N° 3817
404,25721435,Solicitud De Subsidio,Observado,2024-04-16,2024-05-07,0.0,Buenos Aires,122,25721435,Josefina,Martinez,2044-02-29,juliana86@example.com,+54 15 2396 6278,Salta,Av. Chubut N° 81
405,20524985,Renovación De Licencia,Rechazado,2023-03-10,2023-03-12,0.0,Chaco,139,20524985,Benjamin,Ramirez,1952-08-19,juan-manuel05@example.org,,Chaco,Blv. Saavedra N° 114
406,37160657,Inscripción Registral,Aprobado,2023-10-04,2023-05-24,31389.54,Santa Fe,581,37160657,Sofia,Martinez,1991-03-25,,+54 9 3813 7171,Córdoba,Av. 4 N° 147
407,38306542,Inscripción Registral,En revisión,2023-10-13,,18058.24,Chaco,114,38306542,Ramiro,Lopez,1955-04-04,morena12@example.com,+54 9 3464 7154,Chaco,Av. Santa Cruz N° 23
408,37039896,Inscripción Registral,Observado,2023-08-08,2023-10-23,49110.8,Buenos Aires,17,37039896,Vicente,Sosa,1976-06-30,vvaldez@example.org,,Córdoba,Camino Malvinas Argentinas N° 32
409,25822902,Solicitud De Subsidio,Aprobado,2024-01-20,2024-11-02,0.0,Chaco,502,25822902,Lautaro,Muñoz,2060-05-23,victoriacoronel@example.com,+54 9 3917 6792,Salta,Av. Saavedra N° 697
410,36689482,Renovación De Licencia,Aprobado,2024-09-12,2025-02-18,45274.47,Buenos Aires,83,36689482,Candela,Sanchez,2007-02-10,,+54 15 2453 7147,Buenos Aires,Calle  7 N° 3663
411,25018440,Reclamo Administrativo,Rechazado,2023-03-31,2023-05-13,36096.3,Chaco,277,25018440,Giovanni,Diaz,1964-04-15,igomez@example.com,+54 15 2291 7410,Neuquén,  Diagonal 8 N° 83  
412,31862764,Alta De Comercio,Aprobado,2024-05-09,2024-05-20,40632.38,Córdoba,289,31862764,Ciro,Coronel,1951-04-09,juan-martin92@example.net,+54 15 2816 8739,Mendoza,Avenida Alvear N° 463
413,40434437,Baja De Comercio,Iniciado,2023-04-13,,0.0,Buenos Aires,249,40434437,Lucia,Godoy,2041-07-11,gojeda@example.net,+54 15 2368 6025,Misiones,Calle 1 N° 854
414,41045356,Inscripción Registral,Observado,2023-10-10,2023-10-20,0.0,Córdoba,350,41045356,Felipe,Navarro,1966-05-30,valentinoflores@example.com,,Neuquén,Calle G. Brown N° 712
415,33452805,Alta De Comercio,Iniciado,2025-08-20,,0.0,Buenos Aires,191,33452805,Gael,Gonzalez,1947-01-14,valentinoalvarez@example.net,+54 9 3324 5088,Tucumán,Calle 7 N° 514
416,23720843,Cambio De Domicilio,Rechazado,2023-08-03,2023-04-19,0.0,Tucumán,82,23720843,Camilo,Ramirez,1982-04-10,ipaez@example.com,+54 9 3173 6471,Santa Fe,Av. 8 N° 36
417,43148116,Alta De Comercio,Iniciado,2024-02-09,,13531.45,Neuquén,11,43148116,Micaela,Mendez,1942-10-09,martingabriel@example.org,,Buenos Aires,Blv. Córdoba N° 7794
418,36959341,Alta De Comercio,Iniciado,2025-01-17,,42506.51,Mendoza,194,36959341,Gino,Lopez,1958-06-28,luz-milagrosgodoy@example.com,+54 9 3525 7775,Salta,Calle Salta N° 349
419,26904981,Solicitud De Subsidio,Rechazado,2023-04-15,2023-06-07,21612.9,Mendoza,167,26904981,Renata,Ortiz,2001-10-23,tfernandez@example.org,+54 15 2875 2500,Misiones,Diagonal Resistencia N° 822
420,36891973,Solicitud De Subsidio,Iniciado,2023-02-01,,0.0,Entre Ríos,544,36891973,Agustín,Soria,1955-02-09,tnunez@example.com,,Entre Ríos,Avenida 3 N° 391
421,25703704,Renovación De Licencia,Observado,2025-12-14,2026-08-02,35054.76,Córdoba,62,25703704,Felipe,Diaz,1979-08-08,lopezthiago-nahuel@example.com,+54 9 3699 7995,Tucumán,Calle 8 N° 146
422,36428874,Inscripción Registral,Aprobado,2023-01-14,2023-02-24,16017.0,Mendoza,583,36428874,Victoria,Castro,1958-02-03,wgomez@example.org,+54 9 3305 8772,Santa Fe,Av. 5 N° 86
423,27086368,Reclamo Administrativo,Observado,2023-12-24,2024-01-15,46210.58,Salta,234,27086368,Benicio,Fernandez,1962-06-03,franciscocorrea@example.org,,Córdoba,  Diagonal Mitre N° 5119  
424,42382700,Reclamo Administrativo,Rechazado,2023-02-12,2024-01-29,19382.14,Santa Fe,475,42382700,Delfina,Torres,2001-03-22,romerodelfina@example.net,+54 15 2944 7315,Buenos Aires,Av. Río Negro N° 456
425,26548138,Baja De Comercio,Aprobado,2025-05-26,2025-05-28,1311.27,Tucumán,410,26548138,Faustino,Ponce,1985-11-02,sofiaruiz@example.net,+54 15 2456 7164,Neuquén,  Camino San Luis N° 3880  
426,37684955,Baja De Comercio,En revisión,2024-09-14,,11773.09,Chaco,346,37684955,Lautaro Nicolas,Muñoz,1964-02-14,rmiranda@example.net,+54 9 3872 9341,Tucumán,Calle 8 N° 78
427,29212279,Inscripción Registral,Rechazado,2024-02-15,2024-07-03,35448.19,Santa Fe,444,29212279,Josefina,Cruz,1995-04-21,bautistarodriguez@example.org,+54 9 3261 8209,Mendoza,Calle Rosario N° 13
428,42966805,Reclamo Administrativo,Observado,2023-03-17,2023-05-20,31759.68,Tucumán,241,42966805,Maria Belen,Gomez,1958-08-27,,+54 15 2703 8457,Misiones,Calle Alem N° 494
429,29631618,Solicitud De Subsidio,Observado,2023-08-07,2023-07-24,18793.59,Córdoba,440,29631618,Mateo,Cardozo,1963-01-09,rruiz@example.org,+54 15 2902 9390,Chaco,Diagonal Mendoza N° 553
430,28898649,Inscripción Registral,Rechazado,2024-11-27,2025-01-14,39446.9,Neuquén,19,28898649,Juan Ignacio,Valdez,1948-08-29,martina96@example.com,+54 9 3469 8169,Sin dato,Diagonal Constitución N° 486
431,26775713,Inscripción Registral,En revisión,2024-06-29,,0.0,Neuquén,340,26775713,Maite,Pereyra,1957-03-12,molinabastian@example.net,+54 15 2586 6179,Córdoba,Av. Río Gallegos N° 813
432,42158059,Reclamo Administrativo,Iniciado,2024-09-08,,4524.73,Neuquén,482,42158059,Lautaro Nicolas,Gonzalez,1939-02-16,,+54 9 3622 9712,Misiones,  Diagonal Omar Nuñez N° 2697  
433,36838854,Solicitud De Subsidio,Iniciado,2025-04-12,,0.0,Mendoza,273,36838854,Malena,Herrera,1970-05-24,oliviavega@example.com,+54 9 3728 6047,Mendoza,Blv. Santiago del Estero N° 6178
434,40825715,Baja De Comercio,Iniciado,2023-04-17,,24492.54,Misiones,229,40825715,Felipe,Garcia,1965-07-17,santino81@example.org,+54 15 2220 3173,Salta,Diagonal 7 N° 581
435,30857838,Alta De Comercio,En revisión,2025-01-18,,0.0,Misiones,205,30857838,Lautaro Ezequiel,Acosta,1986-04-09,santinogimenez@example.com,+54 15 2726 0127,Salta,Avenida 6 N° 17
436,23579898,Reclamo Administrativo,En revisión,2023-06-19,,0.0,Buenos Aires,290,23579898,Lorenzo,Diaz,2003-05-02,uma-mendoza@example.com,+54 15 2707 8068,Entre Ríos,Diagonal Rosario N° 84
437,20819580,Certificado De Residencia,Rechazado,2024-02-14,2024-02-25,0.0,Tucumán,30,20819580,Lucia,Benitez,1989-11-03,mora87@example.com,+54 9 3894 5314,Salta,Av.  7 N° 637
438,35591284,Certificado De Residencia,Aprobado,2023-07-13,2023-08-08,0.0,Buenos Aires,467,35591284,Lorenzo,Garcia,1983-11-10,sgodoy@example.net,+54 15 2211 1096,Buenos Aires,Diagonal San Juan N° 89
439,40010544,Reclamo Administrativo,Observado,2024-04-27,2024-06-28,20079.12,Buenos Aires,335,40010544,Benicio,Vega,2071-01-17,ugomez@example.org,+54 15 2951 3422,Salta,  Av. Alem N° 199  
440,23579898,Renovación De Licencia,Aprobado,2025-07-15,2025-09-26,0.0,Santa Fe,290,23579898,Lorenzo,Diaz,2003-05-02,uma-mendoza@example.com,+54 15 2707 8068,Entre Ríos,Diagonal Rosario N° 84
441,34594181,Cambio De Domicilio,Observado,2025-04-25,2025-05-16,17238.82,Córdoba,105,34594181,Benicio,Cruz,1969-08-23,ucoronel@example.org,+54 9 3156 0932,Neuquén,Boulevard Neuquén N° 344
442,25720262,Reclamo Administrativo,Rechazado,2024-07-09,2024-09-17,0.0,Tucumán,505,25720262,Catalina,Gonzalez,2005-10-09,diazalma-valentina@example.org,+54 9 3969 8152,Tucumán,Diag. San Luis N° 6895
443,37586469,Renovación De Licencia,En revisión,2025-10-06,,0.0,Mendoza,233,37586469,Benjamin,Gonzalez,1956-05-23,gutierrezpriscila@example.com,+54 15 2943 3504,Sin dato,Av. San Luis N° 18
444,32926439,Inscripción Registral,En revisión,2024-02-05,,1453.16,Chaco,157,32926439,Camila,Romero,2055-10-15,aavila@example.net,+54 9 3216 2299,Tucumán,  Av. Belgrano N° 7855  
445,20794046,Renovación De Licencia,Rechazado,2024-12-11,2025-01-22,854.04,Neuquén,25,20794046,Ignacio,Medina,1940-03-03,xalvarez@example.net,,Tucumán,Blv. J.B. Alberdi N° 488
446,23486549,Renovación De Licencia,Observado,2025-10-21,2025-12-11,0.0,Mendoza,377,23486549,Benjamin,Sosa,1976-02-13,juanadiaz@example.net,+54 9 3400 3342,Mendoza,Diagonal G. Brown N° 4312
447,38311474,Reclamo Administrativo,Aprobado,2025-08-30,2025-09-25,1926.47,Misiones,263,38311474,Sara,Figueroa,1959-05-31,ariasjulia@example.com,,Neuquén,Avenida  7 N° 6699
448,44593964,Reclamo Administrativo,En revisión,2025-05-19,,10407.06,Tucumán,416,44593964,Alma,Peralta,2007-02-12,hruiz@example.net,+54 9 3643 8612,Salta,Av.  Malvinas Argentinas N° 58
449,26306075,Cambio De Domicilio,Observado,2023-12-05,2023-06-20,0.0,Santa Fe,220,26306075,Simon,Torres,1954-08-04,benjamin82@example.com,+54 9 3178 0774,Tucumán,Diagonal Mitre N° 19
450,34973941,Inscripción Registral,En revisión,2025-10-20,,0.0,Chaco,342,34973941,Benjamin,Gomez,1948-02-29,zmedina@example.net,+54 9 3249 9564,Misiones,Calle 2 N° 4380
451,44423068,Alta De Comercio,Observado,2025-10-20,2026-01-05,31154.2,Tucumán,492,44423068,Francesca,Ramirez,2008-08-03,santiago98@example.net,+54 9 3591 6795,Chaco,Calle 3 N° 952
452,41455603,Alta De Comercio,Aprobado,2023-04-29,2023-06-25,32465.72,Entre Ríos,1,41455603,Luca,Gonzalez,1955-09-14,valentinogomez@example.net,,Córdoba,Calle  Corrientes N° 784
453,42325123,Solicitud De Subsidio,Aprobado,2025-01-17,2025-12-03,7520.99,Mendoza,78,42325123,Sofia,Fernandez,1941-11-01,tiziano-valentinacosta@example.org,+54 9 3351 8844,Córdoba,Boulevard Santa Fe N° 69
454,41585871,Certificado De Residencia,Iniciado,2024-10-08,,6073.04,Chaco,124,41585871,Emilia,Vargas,1976-01-12,hmolina@example.net,+54 15 2948 5807,Chaco,Av. 4 N° 850
455,33047590,Alta De Comercio,Observado,2023-03-07,2023-08-07,20178.18,Buenos Aires,594,33047590,Zoe Jazmin,Torres,1968-01-13,,+54 15 2936 9112,Salta,Diagonal Belgrano N° 42
456,43265424,Renovación De Licencia,Rechazado,2023-04-20,2023-06-19,0.0,Tucumán,510,43265424,Valentino,Benitez,2001-02-12,lautaro56@example.org,,Buenos Aires,Blv.  Ciudad Autónoma de Buenos Aires N° 2310
457,20794046,Renovación De Licencia,Aprobado,2023-07-31,2023-08-25,39702.21,Buenos Aires,25,20794046,Ignacio,Medina,1940-03-03,xalvarez@example.net,,Tucumán,Blv. J.B. Alberdi N° 488
458,27669427,Certificado De Residencia,Aprobado,2023-06-20,2023-02-07,33100.77,Misiones,294,27669427,Zoe,Coronel,1959-07-01,juan-bautista64@example.org,,Salta,Av. Rosario N° 846
459,37399215,Reclamo Administrativo,En revisión,2024-02-11,,18919.44,Tucumán,554,37399215,Catalina,Ramos,2054-06-23,hperez@example.net,+54 15 2772 7955,Córdoba,Boulevard La Pampa N° 153
460,35955142,Inscripción Registral,Rechazado,2024-01-05,2024-01-04,44296.23,Entre Ríos,152,35955142,Maria Paz,Molina,2001-03-10,romerolucas-ezequiel@example.com,+54 15 2262 9620,Buenos Aires,Blv. Santa Rosa N° 585
461,23418124,Baja De Comercio,Rechazado,2024-12-05,2024-07-21,30140.23,Santa Fe,478,23418124,Thiago,Vargas,1944-07-21,luciano53@example.com,+54 9 3438 1649,Chaco,  Calle Formosa N° 717  
462,37720478,Cambio De Domicilio,En revisión,2024-12-22,,41260.45,Misiones,588,37720478,Santino,Fernandez,1990-05-13,maria-belen62@example.org,+54 9 3693 8173,Salta,Diagonal Formosa N° 143
463,20318987,Renovación De Licencia,Iniciado,2025-06-29,,37115.71,Entre Ríos,558,20318987,Ramiro,Farias,1962-12-12,gfernandez@example.com,+54 9 3737 6731,Tucumán,Diagonal 3 N° 575
464,43748286,Reclamo Administrativo,Iniciado,2025-08-05,,29062.46,Córdoba,501,43748286,Tiziano,Gonzalez,1957-09-22,,+54 9 3974 0258,Buenos Aires,   Boulevard 9 N° 331  
465,20138372,Cambio De Domicilio,Rechazado,2025-10-30,2025-11-19,0.0,Tucumán,232,20138372,Lola,Romero,1947-04-03,umaidana@example.net,+54 9 3956 6593,Tucumán,Diagonal 5 N° 877
466,37796074,Alta De Comercio,Rechazado,2025-01-02,2025-02-10,0.0,Santa Fe,248,37796074,Catalina,Gimenez,1948-09-30,francescasanchez@example.org,+54 15 2679 3714,Neuquén,Boulevard Córdoba N° 212
467,35980162,Reclamo Administrativo,Iniciado,2023-03-13,,1023.14,Entre Ríos,74,35980162,Juan Sebastian,Molina,1954-12-02,emiliaguzman@example.org,+54 9 3741 5667,Buenos Aires,Calle San Luis N° 528
468,23288307,Renovación De Licencia,Aprobado,2023-09-27,2023-10-24,0.0,Chaco,398,23288307,Valentino,Aguirre,1950-05-16,cdiaz@example.org,+54 9 3752 4508,Sin dato,Avenida Ciudad Autónoma de Buenos Aires N° 66
469,23894498,Certificado De Residencia,Observado,2023-04-06,2023-06-17,48157.03,Córdoba,393,23894498,Juan Ignacio,Villalba,1947-03-12,peraltafelipe@example.com,,Mendoza,Diagonal Chaco N° 814
470,43878690,Alta De Comercio,Aprobado,2025-11-17,2026-01-26,12448.24,Buenos Aires,487,43878690,Santino,Rodriguez,1953-10-18,diazisabella@example.org,+54 9 3731 8143,Misiones,Calle Merlo N° 4437
471,22080700,Certificado De Residencia,Aprobado,2024-06-21,2024-08-31,0.0,Buenos Aires,331,22080700,Renata,Fernandez,1956-10-22,francisco73@example.com,+54 9 3410 7256,Santa Fe,Diagonal Tucumán N° 219
472,24846341,Certificado De Residencia,Rechazado,2025-05-19,2025-05-28,0.0,Misiones,519,24846341,Lautaro,Rodriguez,1968-09-01,martinezjuan-cruz@example.com,+54 9 3616 4205,Neuquén,Av. Salta N° 134
473,43388450,Solicitud De Subsidio,En revisión,2023-02-15,,14869.19,Córdoba,503,43388450,Bautista,Gonzalez,1989-02-15,catalinagomez@example.net,+54 9 3753 3126,Mendoza,Calle Güemes N° 28
474,31057585,Cambio De Domicilio,Iniciado,2023-06-03,,38899.14,Santa Fe,159,31057585,Renzo,Martinez,1957-07-24,uramos@example.com,+54 9 3891 3736,Salta,Camino Pte. Perón N° 32
475,21237409,Inscripción Registral,Iniciado,2025-11-12,,35834.48,Córdoba,386,21237409,Felipe,Moyano,1959-09-25,nchavez@example.com,,Tucumán,  Avenida Córdoba N° 93  
476,40214978,Certificado De Residencia,En revisión,2024-10-06,,39819.7,Misiones,104,40214978,Sofia,Barrios,2057-04-10,diazsantiago@example.net,+54 15 2973 9363,Chaco,Avenida La Rioja N° 555
477,24025763,Solicitud De Subsidio,Observado,2025-12-07,2025-07-26,0.0,Entre Ríos,378,24025763,Joaquin,Perez,1943-05-01,oliviacaceres@example.org,+54 9 3334 7355,Córdoba,Blv. Mitre N° 3131
478,43878690,Baja De Comercio,Rechazado,2024-12-23,2025-02-26,0.0,Mendoza,487,43878690,Santino,Rodriguez,1953-10-18,diazisabella@example.org,+54 9 3731 8143,Misiones,Calle Merlo N° 4437
479,29428817,Certificado De Residencia,Observado,2025-06-04,2025-05-24,0.0,Mendoza,457,29428817,Thiago Ezequiel,Rodriguez,1981-04-27,antoniocordoba@example.net,+54 15 2828 8985,Santa Fe,Avenida G. Brown N° 167
480,21882904,Reclamo Administrativo,Aprobado,2024-09-10,2024-10-27,0.0,Misiones,151,21882904,Justina,Sosa,1963-01-10,kcaceres@example.net,+54 15 2627 1040,Mendoza,Calle Paraná N° 73
481,36838854,Inscripción Registral,Observado,2025-07-17,2025-09-23,9839.02,Chaco,273,36838854,Malena,Herrera,1970-05-24,oliviavega@example.com,+54 9 3728 6047,Mendoza,Blv. Santiago del Estero N° 6178
482,26306075,Baja De Comercio,Iniciado,2023-10-04,,0.0,Misiones,220,26306075,Simon,Torres,1954-08-04,benjamin82@example.com,+54 9 3178 0774,Tucumán,Diagonal Mitre N° 19
483,23622597,Inscripción Registral,Observado,2024-12-18,2025-09-01,3453.81,Entre Ríos,75,23622597,Ian Benjamin,Rodriguez,1979-09-08,manuelsanchez@example.org,+54 9 3844 7962,Tucumán,Calle  Santiago del Estero N° 5916
484,27795636,Reclamo Administrativo,Iniciado,2025-09-25,,0.0,Neuquén,405,27795636,Milagros,Alvarez,2058-08-02,ucardozo@example.org,+54 15 2595 2436,Tucumán,Calle 8 N° 27
485,35169289,Baja De Comercio,Rechazado,2024-08-09,2024-11-30,38768.41,Buenos Aires,522,35169289,Helena,Acosta,2005-07-13,wsosa@example.net,,Córdoba,Diag. Chubut N° 3356
486,33429675,Baja De Comercio,Iniciado,2025-07-02,,0.0,Entre Ríos,428,33429675,Alexander,Cordoba,2036-05-28,uperalta@example.org,+54 9 3478 8160,Chaco,Diagonal  Alvear N° 648
487,34720963,Certificado De Residencia,Observado,2024-07-25,2024-11-10,0.0,Chaco,311,34720963,Valentino,Coronel,1987-01-26,rodriguezmorena@example.com,+54 9 3779 4738,Chaco,Camino Rawson N° 3715
488,31864697,Alta De Comercio,Observado,2025-08-04,2025-06-14,43800.2,Mendoza,351,31864697,Francesca,Gonzalez,2002-12-21,alvarorodriguez@example.net,,Tucumán,Boulevard  Mitre N° 4697
489,39142372,Inscripción Registral,Aprobado,2024-05-12,2025-05-01,26124.75,Tucumán,321,39142372,Maximo,Torres,1946-05-30,thiago-valentinvazquez@example.com,+54 9 3351 3644,Neuquén,Diagonal San Salvador de Jujuy N° 34
490,22892911,Baja De Comercio,Rechazado,2023-06-11,2024-01-31,35774.74,Mendoza,110,22892911,Kiara,Ayala,1952-05-25,eperez@example.net,+54 9 3489 0250,Córdoba,Diagonal Tierra del Fuego N° 3144
491,42983916,Cambio De Domicilio,Observado,2023-05-29,2023-04-08,44420.03,Entre Ríos,474,42983916,Benjamin,Lopez,1977-01-14,gomezalma@example.com,+54 9 3599 8028,Santa Fe,Calle San Martin N° 983
492,28407432,Certificado De Residencia,Rechazado,2025-04-16,2025-06-17,0.0,Salta,252,28407432,Nahiara,Cardozo,1961-02-12,gomezjuana@example.com,+54 9 3316 8147,Mendoza,Camino 6 N° 484
493,29407248,Certificado De Residencia,Rechazado,2023-11-17,2023-11-18,0.0,Salta,564,29407248,Valentina,Rodriguez,2042-12-07,juan-manuelbenitez@example.com,+54 9 3179 3897,Mendoza,Avenida 3 N° 719
494,25822902,Inscripción Registral,Observado,2024-11-16,2024-11-30,6584.37,Buenos Aires,502,25822902,Lautaro,Muñoz,2060-05-23,victoriacoronel@example.com,+54 9 3917 6792,Salta,Av. Saavedra N° 697
495,28063933,Baja De Comercio,Iniciado,2024-03-18,,10642.19,Neuquén,43,28063933,Juan  Bautista,Luna,1999-11-02,dgomez@example.org,+54 15 2762 1745,Misiones,Camino Santiago del Estero N° 8695
496,25703704,Solicitud De Subsidio,Iniciado,2024-02-17,,11909.17,Neuquén,62,25703704,Felipe,Diaz,1979-08-08,lopezthiago-nahuel@example.com,+54 9 3699 7995,Tucumán,Calle 8 N° 146
497,42656939,Baja De Comercio,Observado,2024-06-21,2024-06-08,9006.2,Salta,274,42656939,Tomas,Ferreyra,1955-11-07,thiago-benjamin14@example.net,+54 9 3373 9385,Neuquén,Calle Constitución N° 2096
498,32707485,Alta De Comercio,Observado,2024-06-21,2024-09-08,5236.34,Mendoza,209,32707485,Matilda,Soto,1969-02-13,bescobar@example.com,+54 15 2741 6335,Córdoba,Av. San Martin N° 445
499,37796074,Cambio De Domicilio,Rechazado,2023-12-19,2024-03-07,12319.15,Neuquén,248,37796074,Catalina,Gimenez,1948-09-30,francescasanchez@example.org,+54 15 2679 3714,Neuquén,Boulevard Córdoba N° 212
500,20361830,Alta De Comercio,Rechazado,2024-06-14,2024-11-08,7944.08,Neuquén,370,20361830,Julia,Sanchez,1964-03-25,catalina90@example.net,,Neuquén,Diagonal 1 N° 650
501,37551882,Solicitud De Subsidio,Iniciado,2024-01-03,,22114.19,Entre Ríos,390,37551882,Joaquin,Rios,1967-03-02,lbustos@example.net,+54 15 2560 3248,Entre Ríos,Calle Tucumán N° 837
502,35367468,Certificado De Residencia,Iniciado,2024-06-28,,0.0,Salta,330,35367468,Thiago Nahuel,Soria,1996-01-06,tgomez@example.org,+54 15 2444 7626,Tucumán,Blv. Jujuy N° 733
503,27950590,Reclamo Administrativo,Rechazado,2025-11-05,2025-07-06,44973.4,Chaco,173,27950590,Bautista,Muñoz,2001-04-09,facundobravo@example.com,+54 9 3601 2045,Neuquén,Calle Santiago del Estero N° 3030
504,20794046,Alta De Comercio,Observado,2023-11-11,2023-12-13,28797.0,Buenos Aires,25,20794046,Ignacio,Medina,1940-03-03,xalvarez@example.net,,Tucumán,Blv. J.B. Alberdi N° 488
505,43388450,Alta De Comercio,Rechazado,2025-01-19,2025-03-18,11813.56,Tucumán,503,43388450,Bautista,Gonzalez,1989-02-15,catalinagomez@example.net,+54 9 3753 3126,Mendoza,Calle Güemes N° 28
506,21499295,Renovación De Licencia,En revisión,2023-02-03,,0.0,Santa Fe,491,21499295,Milagros,Fernandez,1971-12-20,danteledesma@example.com,+54 9 3931 3614,Chaco,Av. Omar Nuñez N° 646
507,26700743,Solicitud De Subsidio,Observado,2025-06-29,2025-09-27,0.0,Salta,95,26700743,Valentina,Lopez,1945-11-21,santiago-nicolas04@example.com,+54 15 2174 5499,Tucumán,Avenida Comodoro Rivadavia N° 28
508,39290668,Baja De Comercio,En revisión,2023-07-25,,43654.6,Neuquén,286,39290668,Delfina,Vazquez,1983-10-04,isabella12@example.net,+54 9 3572 2005,Misiones,Avenida 8 N° 19
509,38900916,Baja De Comercio,Aprobado,2023-04-08,2023-06-18,0.0,Córdoba,181,38900916,Santiago Nicolas,Mansilla,2070-11-17,helenalopez@example.org,,Córdoba,  Boulevard 146 A N° 3437  
510,26103019,Certificado De Residencia,En revisión,2025-03-09,,8059.57,Mendoza,276,26103019,Valentina,Herrera,2003-12-20,rayala@example.com,,Mendoza,Calle Rosario N° 287
511,41439587,Renovación De Licencia,Aprobado,2025-03-29,2025-04-20,8766.56,Santa Fe,9,41439587,Salvador,Martinez,1951-09-13,vegaisabella@example.org,+54 15 2451 8347,Tucumán,Diagonal San Luis N° 837
512,37796074,Solicitud De Subsidio,Observado,2024-09-17,2024-04-11,0.0,Mendoza,248,37796074,Catalina,Gimenez,1948-09-30,francescasanchez@example.org,+54 15 2679 3714,Neuquén,Boulevard Córdoba N° 212
513,34306582,Baja De Comercio,Observado,2023-09-07,2023-07-15,26680.21,Salta,166,34306582,Thiago,Nuñez,1969-06-24,herreramateo-ezequiel@example.net,+54 15 2573 8168,Chaco,Camino San Ferando del Valle de Catamarca N° 46
514,29407248,Certificado De Residencia,Observado,2023-10-12,2024-01-31,26411.79,Misiones,564,29407248,Valentina,Rodriguez,2042-12-07,juan-manuelbenitez@example.com,+54 9 3179 3897,Mendoza,Avenida 3 N° 719
515,23445693,Cambio De Domicilio,En revisión,2023-02-22,,0.0,Salta,512,23445693,Fausto,Garcia,1983-05-05,juan-cruz88@example.org,+54 15 2456 9741,Santa Fe,Diag.  J.J. Castelli N° 94
516,25916445,Certificado De Residencia,Rechazado,2023-01-31,2023-11-03,22059.11,Santa Fe,392,25916445,Martina,Martinez,1987-05-23,,+54 9 3811 8372,Misiones,Diag. Saavedra N° 3951
517,30856145,Solicitud De Subsidio,Observado,2025-11-24,2025-12-12,0.0,Chaco,461,30856145,Lautaro,Herrera,1974-09-09,lgomez@example.net,,Neuquén,Diagonal Rawson N° 275
518,29946673,Inscripción Registral,Rechazado,2024-02-26,2024-04-18,0.0,Santa Fe,259,29946673,Valentin,Gonzalez,1973-08-17,benjamin43@example.com,+54 15 2234 4857,Mendoza,Calle Bahía Blanca N° 99
519,40214978,Reclamo Administrativo,Aprobado,2024-01-21,2024-09-03,18061.33,Chaco,104,40214978,Sofia,Barrios,2057-04-10,diazsantiago@example.net,+54 15 2973 9363,Chaco,Avenida La Rioja N° 555
520,36586173,Solicitud De Subsidio,Rechazado,2024-08-11,2024-08-20,7723.98,Tucumán,42,36586173,Mateo Benjamin,Romero,1975-01-12,umedina@example.org,+54 15 2896 3605,Mendoza,Diag. Mendoza N° 1237
521,25703704,Inscripción Registral,Iniciado,2025-06-21,,20468.9,Chaco,62,25703704,Felipe,Diaz,1979-08-08,lopezthiago-nahuel@example.com,+54 9 3699 7995,Tucumán,Calle 8 N° 146
522,38204242,Alta De Comercio,Observado,2025-01-19,2025-02-03,0.0,Misiones,356,38204242,Juan Bautista,Suarez,1969-01-14,ledesmafacundo@example.org,+54 15 2285 1961,Chaco,  Avenida Mendoza N° 65  
523,41802627,Baja De Comercio,Observado,2024-04-20,2024-04-29,36706.77,Santa Fe,580,41802627,Tiziano,Martinez,1954-04-26,,+54 15 2572 0948,Mendoza,Calle 2 N° 5218
524,44159591,Solicitud De Subsidio,En revisión,2024-10-07,,2573.64,Santa Fe,146,44159591,Alma Valentina,Herrera,1961-09-19,martingomez@example.net,+54 15 2648 0396,Chaco,Blv. Saavedra N° 66
525,29902086,Reclamo Administrativo,Rechazado,2025-07-18,2025-09-29,0.0,Buenos Aires,200,29902086,Mateo Agustin,Fernandez,1947-08-10,agustinaramirez@example.net,+54 15 2841 3797,Mendoza,Diag. 3 N° 9259
526,25833431,Certificado De Residencia,Rechazado,2024-07-11,2024-07-20,40678.64,Entre Ríos,272,25833431,Thiago Benjamin,Quiroga,1971-09-01,romerocatalina@example.org,+54 15 2476 6372,Entre Ríos,Diag. Buenos Aires N° 113
527,24884998,Inscripción Registral,Aprobado,2025-01-15,2025-03-30,40406.35,Mendoza,481,24884998,Morena,Moreno,2002-02-02,maria-luz10@example.org,+54 15 2302 1563,Neuquén,Diagonal 6 N° 1850
528,20138372,Inscripción Registral,Iniciado,2023-02-18,,48651.68,Buenos Aires,232,20138372,Lola,Romero,1947-04-03,umaidana@example.net,+54 9 3956 6593,Tucumán,Diagonal 5 N° 877
529,42470129,Cambio De Domicilio,Aprobado,2023-08-23,2023-09-25,45306.15,Misiones,285,42470129,Felipe,Perez,1968-03-07,maria-luzcabrera@example.org,+54 15 2179 1456,Mendoza,Calle Salta N° 9995
530,32714537,Reclamo Administrativo,Aprobado,2024-05-15,2024-07-07,12503.46,Córdoba,518,32714537,Francisco,Lopez,1999-03-24,martinezambar@example.org,+54 9 3595 0830,Neuquén,Calle  Pte. Perón N° 1548
531,31220254,Baja De Comercio,Iniciado,2023-07-23,,48928.75,Entre Ríos,322,31220254,Martina,Figueroa,1958-04-18,bcastro@example.com,+54 15 2532 4204,Buenos Aires,  Calle Buenos Aires N° 1720  
532,25721435,Reclamo Administrativo,Aprobado,2023-08-31,2023-01-10,0.0,Neuquén,122,25721435,Josefina,Martinez,2044-02-29,juliana86@example.com,+54 15 2396 6278,Salta,Av. Chubut N° 81
533,32526073,Reclamo Administrativo,Aprobado,2023-12-17,2024-01-07,4574.36,Santa Fe,169,32526073,Valentino,Alvarez,1978-07-08,bautistagonzalez@example.com,+54 9 3689 8562,Santa Fe,Av. 126 A N° 43
534,37399215,Baja De Comercio,Rechazado,2025-02-20,2025-04-25,0.0,Entre Ríos,554,37399215,Catalina,Ramos,2054-06-23,hperez@example.net,+54 15 2772 7955,Córdoba,Boulevard La Pampa N° 153
535,32089255,Inscripción Registral,Observado,2024-06-26,2024-07-08,49415.14,Mendoza,366,32089255,Santino Nicolas,Carrizo,1965-10-14,icoronel@example.org,+54 15 2680 7156,Salta,  Diag. Santa Fe N° 208  
536,30807772,Alta De Comercio,Rechazado,2024-09-17,2024-11-19,23385.66,Santa Fe,175,30807772,Lautaro Gabriel,Farias,1943-03-13,rfigueroa@example.com,+54 15 2896 5902,Córdoba,Calle J.B. Alberdi N° 561
537,34064250,Solicitud De Subsidio,Iniciado,2024-02-11,,42681.74,Chaco,528,34064250,Matias,Gonzalez,2000-08-23,benjaminmiranda@example.org,+54 9 3334 9678,Entre Ríos,Avenida Belgrano N° 817
538,40250556,Reclamo Administrativo,Aprobado,2023-02-19,2023-04-26,10922.09,Santa Fe,464,40250556,Ian Ezequiel,Ortiz,1995-09-15,bautistacarrizo@example.net,+54 15 2855 0272,Córdoba,Calle Alem N° 188
539,27313676,Baja De Comercio,Iniciado,2024-02-22,,6742.43,Tucumán,38,27313676,Paulina,Lopez,1973-05-07,lavila@example.net,,Tucumán,Camino La Pampa N° 577
540,37168677,Reclamo Administrativo,Aprobado,2025-09-12,2025-11-26,0.0,Chaco,341,37168677,Maia,Mansilla,1938-05-12,tlucero@example.com,+54 9 3379 4523,Buenos Aires,Blv. 5 N° 9116
541,36295441,Alta De Comercio,Aprobado,2023-05-08,2023-05-29,19783.17,Chaco,35,36295441,Octavio,Alvarez,2001-12-12,candela64@example.net,+54 15 2391 3341,Salta,Av.  3 N° 88
542,36757650,Reclamo Administrativo,Aprobado,2023-11-15,2024-01-12,0.0,Tucumán,408,36757650,Delfina,Arias,1963-01-18,paula75@example.net,+54 9 3755 5535,Neuquén,Calle Formosa N° 8170
543,35961064,Baja De Comercio,Iniciado,2025-09-17,,12381.16,Tucumán,426,35961064,Mia,Roldan,1970-06-09,thiago-benjamincastillo@example.net,+54 15 2622 6940,Neuquén,Avenida Santa Cruz N° 387
544,22977150,Inscripción Registral,En revisión,2024-12-23,,0.0,Misiones,208,22977150,Sofía,Diaz,2003-06-30,,+54 15 2984 5184,Salta,Av. Alvear N° 846
545,39221146,Reclamo Administrativo,En revisión,2025-09-29,,38600.74,Buenos Aires,207,39221146,Benicio,Ferreyra,2006-06-11,francofausto@example.com,+54 9 3269 3801,Mendoza,Diagonal San Juan N° 5545
546,36025978,Renovación De Licencia,Observado,2023-12-29,2024-03-09,20663.15,Córdoba,466,36025978,Alfonsina,Gimenez,1998-12-21,dmoreno@example.com,+54 9 3255 8685,Buenos Aires,Av. G. Brown N° 39
547,37894197,Cambio De Domicilio,Rechazado,2023-07-13,2023-11-09,13602.67,Buenos Aires,486,37894197,Benicio,Diaz,1964-07-08,dgimenez@example.com,+54 9 3551 0663,Mendoza,Calle  5 N° 977
548,33984667,Cambio De Domicilio,Observado,2024-02-03,2024-04-04,0.0,Buenos Aires,235,33984667,Sebastian,Silva,1941-05-09,ayalaignacio@example.com,+54 9 3513 9060,Misiones,Avenida San Luis N° 94
549,42325123,Reclamo Administrativo,Aprobado,2023-08-09,2023-11-16,25083.46,Misiones,78,42325123,Sofia,Fernandez,1941-11-01,tiziano-valentinacosta@example.org,+54 9 3351 8844,Córdoba,Boulevard Santa Fe N° 69
550,39870950,Reclamo Administrativo,Aprobado,2025-01-10,2025-10-16,1203.46,Entre Ríos,566,39870950,Delfina,Maidana,1955-09-07,victoriacarrizo@example.net,+54 9 3124 4063,Mendoza,Diagonal Güemes N° 629
551,28407432,Baja De Comercio,Rechazado,2024-03-16,2024-03-19,8512.14,Santa Fe,252,28407432,Nahiara,Cardozo,1961-02-12,gomezjuana@example.com,+54 9 3316 8147,Mendoza,Camino 6 N° 484
552,22060838,Solicitud De Subsidio,Iniciado,2023-06-20,,0.0,Córdoba,371,22060838,Emma,Herrera,2005-08-14,pazmaximo@example.org,+54 15 2299 7179,Córdoba,Calle 1 N° 311
553,27811165,Baja De Comercio,En revisión,2024-10-17,,17207.73,Misiones,4,27811165,Mateo Benjamin,Martinez,1969-05-15,juan-sebastian83@example.net,+54 9 3203 0564,Córdoba,Boulevard 6 N° 87
554,21566198,Alta De Comercio,Observado,2024-11-11,2024-11-27,9231.73,Misiones,477,21566198,Alfonsina,Maldonado,2068-06-06,camposvalentina@example.com,+54 9 3398 5601,Córdoba,Av. Saavedra N° 461
555,31108749,Alta De Comercio,Iniciado,2023-10-10,,0.0,Misiones,257,31108749,Mia,Guzman,1990-06-28,paloma46@example.org,+54 9 3535 7438,Mendoza,Avenida 1 N° 9117
556,39256358,Reclamo Administrativo,Rechazado,2025-10-06,2025-12-26,0.0,Chaco,199,39256358,Felipe,Fernandez,1979-07-29,dominguezrenata@example.com,+54 15 2777 7392,Sin dato,Calle 3 N° 91
557,38498673,Cambio De Domicilio,Iniciado,2025-01-15,,19670.14,Mendoza,111,38498673,Tiziano,Roldan,1985-01-18,olivia21@example.net,+54 9 3701 6315,Mendoza,Avenida Alem N° 847
558,28063933,Inscripción Registral,Iniciado,2025-02-16,,32611.48,Buenos Aires,43,28063933,Juan  Bautista,Luna,1999-11-02,dgomez@example.org,+54 15 2762 1745,Misiones,Camino Santiago del Estero N° 8695
559,25019072,Alta De Comercio,Rechazado,2025-09-14,2025-09-25,27902.46,Entre Ríos,323,25019072,Josefina,Garcia,1940-04-07,qescobar@example.net,+54 15 2262 3198,Salta,Diag. Salta N° 421
560,44690601,Inscripción Registral,Observado,2023-06-12,2023-11-12,15025.84,Buenos Aires,123,44690601,Mateo Ezequiel,Moyano,1971-01-01,augustosoto@example.net,+54 9 3267 6772,Misiones,Diagonal Entre Ríos N° 494
561,23152784,Reclamo Administrativo,En revisión,2025-10-26,,17327.09,Córdoba,308,23152784,Helena,Vargas,1941-04-19,cnavarro@example.org,+54 15 2508 9071,Mendoza,  Avenida 1 N° 4149  
562,36891973,Reclamo Administrativo,Aprobado,2024-12-16,2024-12-26,16723.82,Santa Fe,544,36891973,Agustín,Soria,1955-02-09,tnunez@example.com,,Entre Ríos,Avenida 3 N° 391
563,24165829,Inscripción Registral,Observado,2025-09-27,2025-12-13,38515.94,Córdoba,538,24165829,Nahiara,Castro,1970-11-29,oliviatoledo@example.net,+54 9 3158 1739,Misiones,Avenida Formosa N° 561
564,31241104,Alta De Comercio,Observado,2024-03-24,2024-04-21,15918.68,Misiones,188,31241104,Rafael,Castillo,1959-01-20,alvarezjuan-pablo@example.com,+54 15 2185 8877,Entre Ríos,Diagonal Paraná N° 319
565,23720843,Solicitud De Subsidio,Observado,2023-01-12,2023-03-27,0.0,Salta,82,23720843,Camilo,Ramirez,1982-04-10,ipaez@example.com,+54 9 3173 6471,Santa Fe,Av. 8 N° 36
566,23077396,Baja De Comercio,Aprobado,2025-06-20,2025-07-25,5788.02,Chaco,96,23077396,Julieta,Ramirez,1972-04-23,helena45@example.net,,Sin dato,Av. Chilecito N° 2393
567,20361830,Cambio De Domicilio,Rechazado,2024-02-17,2024-04-27,9663.9,Córdoba,370,20361830,Julia,Sanchez,1964-03-25,catalina90@example.net,,Neuquén,Diagonal 1 N° 650
568,28749844,Baja De Comercio,Rechazado,2025-11-07,2025-08-08,761.68,Tucumán,18,28749844,Olivia,Gonzalez,1969-12-26,,+54 15 2230 3654,Neuquén,  Avenida Alem N° 681  
569,37753534,Renovación De Licencia,En revisión,2023-07-27,,30856.27,Misiones,591,37753534,Martin,Vargas,2074-11-06,silvavalentin@example.net,+54 15 2616 4772,Salta,Diagonal 6 N° 176
570,33081068,Solicitud De Subsidio,Aprobado,2025-03-05,2025-05-21,0.0,Neuquén,300,33081068,Catalina,Rodriguez,1982-06-10,,+54 15 2418 7186,Entre Ríos,Diagonal Salta N° 3576
571,43265424,Reclamo Administrativo,Iniciado,2023-05-10,,34719.35,Neuquén,510,43265424,Valentino,Benitez,2001-02-12,lautaro56@example.org,,Buenos Aires,Blv.  Ciudad Autónoma de Buenos Aires N° 2310
572,44690601,Cambio De Domicilio,En revisión,2023-01-12,,36697.0,Santa Fe,123,44690601,Mateo Ezequiel,Moyano,1971-01-01,augustosoto@example.net,+54 9 3267 6772,Misiones,Diagonal Entre Ríos N° 494
573,30249526,Cambio De Domicilio,Aprobado,2025-01-28,2025-12-02,0.0,Santa Fe,224,30249526,Milena,Gomez,1991-09-13,oliviabravo@example.org,,Entre Ríos,Avenida La Pampa N° 19
574,21882904,Inscripción Registral,Iniciado,2023-02-15,,33146.25,Chaco,151,21882904,Justina,Sosa,1963-01-10,kcaceres@example.net,+54 15 2627 1040,Mendoza,Calle Paraná N° 73
575,39221146,Cambio De Domicilio,En revisión,2025-04-20,,0.0,Buenos Aires,207,39221146,Benicio,Ferreyra,2006-06-11,francofausto@example.com,+54 9 3269 3801,Mendoza,Diagonal San Juan N° 5545
576,29946673,Renovación De Licencia,Iniciado,2023-05-22,,0.0,Córdoba,259,29946673,Valentin,Gonzalez,1973-08-17,benjamin43@example.com,+54 15 2234 4857,Mendoza,Calle Bahía Blanca N° 99
577,37347875,Reclamo Administrativo,En revisión,2025-01-25,,39391.91,Neuquén,295,37347875,Juan,Leiva,1994-09-01,lopezlautaro-nicolas@example.org,+54 15 2562 4112,Córdoba,Calle 3 N° 5870
578,36025978,Certificado De Residencia,Aprobado,2023-03-19,2023-04-27,0.0,Chaco,466,36025978,Alfonsina,Gimenez,1998-12-21,dmoreno@example.com,+54 9 3255 8685,Buenos Aires,Av. G. Brown N° 39
579,40133776,Certificado De Residencia,Rechazado,2023-06-05,2023-05-24,5936.31,Misiones,226,40133776,Luciano,Fernandez,1991-11-23,mateogomez@example.net,+54 9 3300 5281,Neuquén,Avenida San Juan N° 4517
580,33677886,Reclamo Administrativo,Iniciado,2023-06-24,,28574.22,Mendoza,261,33677886,Pedro,Lopez,1979-02-21,trios@example.com,+54 15 2881 7921,Neuquén,Avenida 8 N° 353
581,23579898,Baja De Comercio,Aprobado,2025-05-16,2025-06-17,47951.77,Misiones,290,23579898,Lorenzo,Diaz,2003-05-02,uma-mendoza@example.com,+54 15 2707 8068,Entre Ríos,Diagonal Rosario N° 84
582,35637097,Baja De Comercio,Observado,2023-03-14,2023-04-27,12932.8,Neuquén,430,35637097,Emilia,Suarez,1954-12-14,poncefranco@example.org,,Salta,  Av. 5 N° 630  
583,30857838,Inscripción Registral,Rechazado,2024-10-08,2024-04-11,31418.65,Entre Ríos,205,30857838,Lautaro Ezequiel,Acosta,1986-04-09,santinogimenez@example.com,+54 15 2726 0127,Salta,Avenida 6 N° 17
584,21798822,Inscripción Registral,Aprobado,2023-03-07,2023-08-18,0.0,Córdoba,47,21798822,Sofía,Sosa,1982-05-02,agostina21@example.net,+54 15 2247 0952,Mendoza,Avenida J.B. Alberdi N° 39
585,27918690,Cambio De Domicilio,Observado,2025-03-21,2025-04-08,5579.45,Misiones,106,27918690,Ignacio,Alvarez,1996-06-17,rmolina@example.com,,Santa Fe,Av. San Juan N° 1028
586,22988400,Cambio De Domicilio,En revisión,2025-11-12,,0.0,Neuquén,452,22988400,Felipe,Fernandez,2053-06-07,ortizzoe-valentina@example.org,+54 15 2672 8476,Mendoza,Diagonal Constitución N° 112
587,43140908,Certificado De Residencia,Iniciado,2025-02-21,,0.0,Córdoba,419,43140908,Santino  Ezequiel,Ferreyra,1955-09-19,htorres@example.org,+54 15 2817 8309,Chaco,Diagonal Santa Fe N° 867
588,23077396,Cambio De Domicilio,Aprobado,2025-01-31,2025-04-18,27283.22,Buenos Aires,96,23077396,Julieta,Ramirez,1972-04-23,helena45@example.net,,Sin dato,Av. Chilecito N° 2393
589,25822902,Inscripción Registral,En revisión,2023-11-08,,0.0,Neuquén,502,25822902,Lautaro,Muñoz,2060-05-23,victoriacoronel@example.com,+54 9 3917 6792,Salta,Av. Saavedra N° 697
590,42470129,Inscripción Registral,Iniciado,2023-10-11,,0.0,Neuquén,285,42470129,Felipe,Perez,1968-03-07,maria-luzcabrera@example.org,+54 15 2179 1456,Mendoza,Calle Salta N° 9995
591,43186770,Cambio De Domicilio,Aprobado,2025-07-25,2025-08-19,0.0,Tucumán,22,43186770,Felicitas,Martinez,1950-02-28,gonzalezdylan-benjamin@example.net,+54 15 2776 9367,Buenos Aires,Diagonal Constitución N° 4136
592,23444816,Cambio De Domicilio,Iniciado,2023-10-14,,6334.87,Mendoza,472,23444816,Jeremias,Diaz,2049-10-10,ian-benjamincordoba@example.com,,Buenos Aires,Boulevard  2 N° 55
593,41956117,Baja De Comercio,Aprobado,2025-04-13,2025-07-10,0.0,Santa Fe,376,41956117,Ciro,Lopez,1968-10-15,aguirrealma-jazmin@example.net,,Buenos Aires,   Avenida J.B. Alberdi N° 16  
594,32627759,Cambio De Domicilio,Iniciado,2024-08-03,,21045.12,Santa Fe,431,32627759,Lola,Gonzalez,2067-01-27,catalinagutierrez@example.org,+54 9 3817 0243,Chaco,Avenida Santa Rosa N° 2884
595,36838854,Inscripción Registral,Observado,2025-08-27,2025-07-11,47704.1,Neuquén,273,36838854,Malena,Herrera,1970-05-24,oliviavega@example.com,+54 9 3728 6047,Mendoza,Blv. Santiago del Estero N° 6178
596,38775731,Renovación De Licencia,Aprobado,2023-10-08,2023-09-20,19088.54,Córdoba,456,38775731,Gino,Gimenez,1958-01-08,iojeda@example.net,+54 15 2156 8182,Tucumán,  Avenida San Luis N° 3034  
597,23458283,Baja De Comercio,Iniciado,2023-05-04,,36981.68,Córdoba,596,23458283,Luana,Benitez,1997-07-07,francisco16@example.com,+54 15 2145 0232,Santa Fe,Calle  8 N° 4059
598,29234717,Baja De Comercio,Rechazado,2025-07-15,2025-04-09,0.0,Buenos Aires,574,29234717,Jeronimo,Guzman,1940-05-10,,+54 15 2598 0770,Neuquén,Diag.  Alvear N° 9586
599,33023006,Cambio De Domicilio,Observado,2023-08-08,2023-10-17,13353.08,Santa Fe,521,33023006,Mateo Benjamin,Gomez,1999-03-10,juarezmilagros@example.net,+54 9 3654 3943,Neuquén,Diagonal 6 N° 62
600,33144982,Baja De Comercio,Iniciado,2024-07-21,,26138.78,Córdoba,183,33144982,Maria Victoria,Leiva,1987-06-19,enzo60@example.net,,Buenos Aires,Calle Güemes N° 125
601,32294682,Inscripción Registral,Observado,2023-09-02,2023-02-20,49641.22,Buenos Aires,433,32294682,Nicolas,Figueroa,1987-09-10,gonzalo68@example.net,,Mendoza,Diagonal Entre Ríos N° 67
602,22382132,Renovación De Licencia,Iniciado,2024-06-08,,16463.58,Neuquén,12,22382132,Antonella,Suarez,2049-06-27,leonsilva@example.net,+54 15 2950 0978,Neuquén,Blv. 2 N° 2149
603,30504571,Certificado De Residencia,Iniciado,2023-02-05,,39290.66,Entre Ríos,84,30504571,Lucas Benjamin,Muñoz,1949-06-25,guillerminagutierrez@example.com,+54 9 3470 1687,Entre Ríos,Avenida 1 N° 859
604,39803169,Inscripción Registral,Observado,2023-11-02,2023-02-15,39837.13,Tucumán,59,39803169,Juan Ignacio,Flores,1956-04-20,,+54 15 2469 0034,Tucumán,Diagonal Güemes N° 870
605,33081068,Certificado De Residencia,Aprobado,2024-02-29,2024-03-21,7953.57,Tucumán,300,33081068,Catalina,Rodriguez,1982-06-10,,+54 15 2418 7186,Entre Ríos,Diagonal Salta N° 3576
606,37015716,Renovación De Licencia,Observado,2023-02-04,2023-04-08,0.0,Tucumán,514,37015716,Benjamin,Alvarez,2068-01-15,sofialopez@example.com,+54 15 2640 8509,Neuquén,Boulevard Malvinas Argentinas N° 6370
607,28407432,Alta De Comercio,Rechazado,2025-01-29,2025-03-15,20556.58,Mendoza,252,28407432,Nahiara,Cardozo,1961-02-12,gomezjuana@example.com,+54 9 3316 8147,Mendoza,Camino 6 N° 484
608,39398947,Cambio De Domicilio,En revisión,2023-03-15,,33235.53,Santa Fe,423,39398947,Bautista,Perez,1963-06-30,camilarodriguez@example.com,+54 9 3628 3143,Chaco,Diagonal Salta N° 366
609,37753534,Renovación De Licencia,Rechazado,2024-04-22,2024-04-28,10791.87,Neuquén,591,37753534,Martin,Vargas,2074-11-06,silvavalentin@example.net,+54 15 2616 4772,Salta,Diagonal 6 N° 176
610,39316685,Baja De Comercio,Rechazado,2024-02-11,2024-05-01,0.0,Córdoba,572,39316685,Tomas,Lopez,1981-04-15,moyanobenjamin@example.net,,Misiones,Boulevard 4 N° 214
611,43583518,Solicitud De Subsidio,Aprobado,2025-03-19,2025-05-26,25173.14,Misiones,402,43583518,Lucas,Suarez,1959-12-14,mdiaz@example.org,+54 15 2685 7666,Córdoba,Avenida Neuquén N° 12
612,39256358,Alta De Comercio,Rechazado,2024-04-29,2024-05-24,0.0,Salta,199,39256358,Felipe,Fernandez,1979-07-29,dominguezrenata@example.com,+54 15 2777 7392,Sin dato,Calle 3 N° 91
613,30053260,Solicitud De Subsidio,En revisión,2025-04-22,,0.0,Salta,303,30053260,Lucas,Medina,2037-01-08,fernandezjulieta@example.net,+54 9 3114 6273,Salta,Avenida  2 N° 857
614,43614472,Solicitud De Subsidio,Aprobado,2024-12-26,2025-04-03,43735.49,Tucumán,134,43614472,Constanza,Rodriguez,1974-10-17,victoriasanchez@example.net,+54 15 2528 5691,Mendoza,Diagonal Entre Ríos N° 27
615,29951908,Solicitud De Subsidio,En revisión,2024-05-07,,0.0,Entre Ríos,400,29951908,Ludmila,Soria,1952-11-15,floresvalentin@example.org,,Entre Ríos,  Blv. Corrientes N° 267  
616,43012830,Renovación De Licencia,Observado,2025-03-12,2026-01-03,15732.61,Tucumán,349,43012830,Paulina,Aguirre,1999-04-03,lararomero@example.org,+54 15 2637 6037,Chaco,Calle Córdoba N° 646
617,25009043,Renovación De Licencia,Observado,2025-04-21,2025-06-28,12451.45,Misiones,526,25009043,Simon,Gimenez,1978-07-22,martinezmorena@example.org,+54 9 3145 6522,Córdoba,Diagonal Alvear N° 95
618,33144982,Baja De Comercio,Aprobado,2025-03-04,2025-04-16,2358.28,Buenos Aires,183,33144982,Maria Victoria,Leiva,1987-06-19,enzo60@example.net,,Buenos Aires,Calle Güemes N° 125
619,44960314,Cambio De Domicilio,En revisión,2023-02-17,,0.0,Entre Ríos,299,44960314,Dylan,Fernandez,2006-06-13,,+54 15 2397 5170,Córdoba,Calle  Ciudad Autónoma de Buenos Aires N° 863
620,34843679,Alta De Comercio,Rechazado,2023-01-16,2023-02-14,26547.47,Córdoba,126,34843679,Ema,Garcia,1977-08-06,fernandezlautaro-ezequiel@example.com,+54 15 2442 2325,Mendoza,Diagonal J.M. de Rosas N° 57
621,20318987,Cambio De Domicilio,Iniciado,2023-06-17,,0.0,Mendoza,558,20318987,Ramiro,Farias,1962-12-12,gfernandez@example.com,+54 9 3737 6731,Tucumán,Diagonal 3 N° 575
622,20762870,Renovación De Licencia,Rechazado,2025-07-30,2025-10-21,47832.42,Neuquén,138,20762870,Benjamin Alejandro,Rodriguez,1969-07-30,thiago-nahuel45@example.org,+54 9 3405 3494,Sin dato,Av. Chilecito N° 4338
623,32714537,Alta De Comercio,Rechazado,2023-02-10,2023-11-13,0.0,Buenos Aires,518,32714537,Francisco,Lopez,1999-03-24,martinezambar@example.org,+54 9 3595 0830,Neuquén,Calle  Pte. Perón N° 1548
624,23576476,Alta De Comercio,Observado,2023-07-12,2023-07-26,34575.64,Chaco,31,23576476,Pilar,Sosa,1954-06-26,emiliano48@example.org,+54 15 2813 6783,Misiones,Av. Ciudad Autónoma de Buenos Aires N° 47
625,26938186,Renovación De Licencia,Aprobado,2024-05-20,2024-05-08,30682.26,Buenos Aires,271,26938186,Ambar,Garcia,1989-06-15,garciacatalina@example.net,+54 15 2544 2944,Tucumán,Calle 3 N° 6237
626,29347198,Solicitud De Subsidio,Aprobado,2025-09-14,2025-01-12,11951.8,Entre Ríos,79,29347198,Francisco,Velazquez,1993-12-06,,+54 9 3578 2911,Tucumán,Diagonal Chilecito N° 263
627,38602995,Reclamo Administrativo,Observado,2023-03-03,2023-03-21,47109.21,Misiones,28,38602995,Giuliana,Rios,1953-01-14,kcarrizo@example.org,+54 9 3345 2991,Neuquén,Calle San Martin N° 7946
628,35955142,Inscripción Registral,Iniciado,2024-02-21,,0.0,Buenos Aires,152,35955142,Maria Paz,Molina,2001-03-10,romerolucas-ezequiel@example.com,+54 15 2262 9620,Buenos Aires,Blv. Santa Rosa N° 585
629,23004934,Reclamo Administrativo,En revisión,2025-02-11,,31708.66,Entre Ríos,302,23004934,Constantino,Pereyra,1960-10-02,arodriguez@example.net,+54 9 3462 8792,Buenos Aires,Avenida 9 N° 584
630,22953456,Alta De Comercio,Rechazado,2024-07-07,2024-08-27,0.0,Buenos Aires,244,22953456,Bautista,Rojas,1988-02-23,josefinalucero@example.net,+54 15 2356 6474,Neuquén,Calle Saavedra N° 54
631,41149276,Cambio De Domicilio,Iniciado,2023-04-09,,20192.6,Buenos Aires,198,41149276,Jeremias,Torres,1983-04-27,gutierrezthiago@example.org,+54 9 3955 7790,Entre Ríos,Av.  Rivadavia N° 54
632,41407701,Alta De Comercio,En revisión,2024-11-17,,0.0,Mendoza,396,41407701,Milagros,Garcia,1981-03-03,rodriguezdelfina@example.com,+54 9 3618 9241,Salta,Diagonal 125 Bis N° 68
633,33677886,Baja De Comercio,Aprobado,2024-01-03,2024-02-18,31505.73,Misiones,261,33677886,Pedro,Lopez,1979-02-21,trios@example.com,+54 15 2881 7921,Neuquén,Avenida 8 N° 353
634,24696228,Solicitud De Subsidio,Observado,2025-02-28,2025-03-27,12483.96,Buenos Aires,147,24696228,Uma,Gonzalez,1986-10-07,lucaslopez@example.com,+54 9 3427 0103,Buenos Aires,Av. 6 N° 6332
635,26360159,Certificado De Residencia,Rechazado,2023-01-28,2023-02-22,10992.06,Neuquén,541,26360159,Constanza,Torres,1990-11-17,maximogomez@example.org,+54 9 3810 6728,Salta,Camino 7 N° 274
636,36020513,Certificado De Residencia,Iniciado,2024-04-27,,25616.27,Neuquén,128,36020513,Morena,Sanchez,1956-04-29,tizianosuarez@example.com,+54 15 2801 7012,Santa Fe,  Blv. Santa Rosa N° 35  
637,23864454,Renovación De Licencia,Aprobado,2025-12-07,2025-08-18,20441.33,Neuquén,67,23864454,Miguel Angel,Cruz,1938-05-19,thiago-lionel92@example.net,+54 9 3122 2927,Tucumán,Diagonal Comodoro Rivadavia N° 8944
638,32627759,Solicitud De Subsidio,Observado,2024-10-20,2025-02-01,7686.46,Neuquén,431,32627759,Lola,Gonzalez,2067-01-27,catalinagutierrez@example.org,+54 9 3817 0243,Chaco,Avenida Santa Rosa N° 2884
639,32600775,Solicitud De Subsidio,Observado,2023-12-11,2023-12-14,47687.78,Córdoba,394,32600775,Matias,Rodriguez,2063-05-03,alexandertorres@example.org,+54 15 2410 6005,Chaco,Calle Chaco N° 1272
640,34071698,Reclamo Administrativo,En revisión,2023-06-26,,20687.05,Misiones,190,34071698,Lola,Acosta,1965-02-24,benjamin18@example.org,+54 15 2590 1581,Buenos Aires,Avenida Belgrano N° 777
641,32515094,Certificado De Residencia,En revisión,2024-08-22,,0.0,Mendoza,485,32515094,Bautista,Flores,1985-09-21,fernandezthiago-lionel@example.net,+54 15 2830 7240,Neuquén,Av. Formosa N° 92
642,26480013,Cambio De Domicilio,Observado,2023-12-14,2024-01-13,44976.83,Misiones,317,26480013,Pedro,Toledo,2065-11-09,dominguezvalentina@example.net,+54 9 3391 1415,Córdoba,Avenida 8 N° 967
643,28749844,Reclamo Administrativo,Aprobado,2023-02-05,2023-03-05,17396.32,Santa Fe,18,28749844,Olivia,Gonzalez,1969-12-26,,+54 15 2230 3654,Neuquén,  Avenida Alem N° 681  
644,44593964,Baja De Comercio,Observado,2023-03-13,2023-04-28,39288.24,Salta,416,44593964,Alma,Peralta,2007-02-12,hruiz@example.net,+54 9 3643 8612,Salta,Av.  Malvinas Argentinas N° 58
645,36195489,Renovación De Licencia,Rechazado,2024-07-21,2024-10-10,33764.58,Santa Fe,353,36195489,Martina,Figueroa,1978-11-17,zoe-jazminsanchez@example.com,+54 15 2105 4851,Santa Fe,  Boulevard J.M. de Rosas N° 860  
646,29125324,Alta De Comercio,Observado,2023-01-20,2023-02-03,0.0,Neuquén,195,29125324,Santiago,Ponce,1981-05-15,paezjuan-francisco@example.net,+54 15 2999 6930,Entre Ríos,Camino Posadas N° 672
647,44983903,Renovación De Licencia,Observado,2025-02-27,2025-03-04,0.0,Misiones,319,44983903,Delfina,Perez,1957-04-30,ncordoba@example.net,+54 15 2991 9541,Sin dato,Avenida Santa Fe N° 59
648,32180192,Reclamo Administrativo,Observado,2025-03-03,2025-04-23,41768.66,Misiones,445,32180192,Valentina,Rodriguez,1946-01-14,ariasbenjamin@example.org,+54 9 3313 2797,Mendoza,Av. Comodoro Rivadavia N° 59
649,39221146,Inscripción Registral,Iniciado,2023-12-19,,47294.5,Buenos Aires,207,39221146,Benicio,Ferreyra,2006-06-11,francofausto@example.com,+54 9 3269 3801,Mendoza,Diagonal San Juan N° 5545
650,39290668,Inscripción Registral,Iniciado,2023-12-02,,0.0,Misiones,286,39290668,Delfina,Vazquez,1983-10-04,isabella12@example.net,+54 9 3572 2005,Misiones,Avenida 8 N° 19
651,32834505,Baja De Comercio,Observado,2025-09-14,2025-10-11,0.0,Chaco,201,32834505,Mateo,Castillo,2002-12-16,martinezfrancesca@example.org,,Tucumán,Boulevard 1 N° 2828
652,22988400,Renovación De Licencia,Rechazado,2025-01-19,2025-06-04,38266.83,Santa Fe,452,22988400,Felipe,Fernandez,2053-06-07,ortizzoe-valentina@example.org,+54 15 2672 8476,Mendoza,Diagonal Constitución N° 112
653,29174617,Certificado De Residencia,En revisión,2023-07-01,,46192.96,Neuquén,56,29174617,Francisca,Acuña,1966-02-07,martinjuan-martin@example.com,+54 15 2298 3273,Salta,Av. Bahía Blanca N° 7993
654,23576476,Solicitud De Subsidio,Iniciado,2023-04-01,,46860.44,Tucumán,31,23576476,Pilar,Sosa,1954-06-26,emiliano48@example.org,+54 15 2813 6783,Misiones,Av. Ciudad Autónoma de Buenos Aires N° 47
655,41784860,Cambio De Domicilio,En revisión,2023-05-03,,47732.57,Santa Fe,69,41784860,Lucas Benjamin,Vera,1973-04-15,garciapaulina@example.com,+54 9 3682 6137,Chaco,Av. J.B. Alberdi N° 732
656,22977150,Certificado De Residencia,Aprobado,2024-02-29,2024-04-21,0.0,Santa Fe,208,22977150,Sofía,Diaz,2003-06-30,,+54 15 2984 5184,Salta,Av. Alvear N° 846
657,41455603,Cambio De Domicilio,Rechazado,2024-12-09,2024-09-27,25039.53,Entre Ríos,1,41455603,Luca,Gonzalez,1955-09-14,valentinogomez@example.net,,Córdoba,Calle  Corrientes N° 784
658,21237409,Alta De Comercio,Iniciado,2025-07-27,,0.0,Santa Fe,386,21237409,Felipe,Moyano,1959-09-25,nchavez@example.com,,Tucumán,  Avenida Córdoba N° 93  
659,25379194,Solicitud De Subsidio,Aprobado,2025-04-14,2025-04-21,14131.89,Mendoza,593,25379194,Julieta,Gomez,1974-07-26,vargasjuan-pablo@example.org,+54 9 3753 3342,Salta,Avenida 150 A N° 82
660,33385442,Alta De Comercio,En revisión,2023-08-02,,26942.0,Chaco,463,33385442,Valentino,Perez,1941-03-08,hhernandez@example.org,+54 9 3320 1654,Salta,Boulevard 8 N° 762
661,23445693,Alta De Comercio,Observado,2024-08-20,2024-09-11,43969.98,Neuquén,512,23445693,Fausto,Garcia,1983-05-05,juan-cruz88@example.org,+54 15 2456 9741,Santa Fe,Diag.  J.J. Castelli N° 94
662,25127073,Solicitud De Subsidio,En revisión,2023-01-22,,28839.73,Chaco,550,25127073,Luana,Farias,1958-09-23,mia-morenanunez@example.com,+54 15 2366 0138,Mendoza,Calle  Neuquén N° 49
663,41511706,Cambio De Domicilio,En revisión,2025-06-21,,0.0,Entre Ríos,449,41511706,Joaquin,Alvarez,1958-08-12,asuarez@example.net,+54 9 3923 6687,Santa Fe,Av. Entre Ríos N° 799
664,43140908,Renovación De Licencia,Iniciado,2024-05-06,,20437.68,Córdoba,419,43140908,Santino  Ezequiel,Ferreyra,1955-09-19,htorres@example.org,+54 15 2817 8309,Chaco,Diagonal Santa Fe N° 867
665,34566177,Cambio De Domicilio,Rechazado,2024-09-17,2024-12-16,0.0,Misiones,465,34566177,Juan David,Mendez,1981-05-12,gonzalezthiago-valentin@example.org,+54 9 3482 9635,Misiones,Blv.  Mitre N° 1555
666,43728673,Baja De Comercio,Iniciado,2024-02-27,,31644.16,Santa Fe,148,43728673,Bastian,Farias,2059-01-04,fernandezfederico@example.org,,Misiones,  Avenida Resistencia N° 866  
667,31523859,Inscripción Registral,Rechazado,2025-01-20,2025-04-17,46884.41,Salta,89,31523859,Luna,Ponce,1940-03-03,maximocastro@example.net,+54 9 3686 5278,Salta,Diagonal  Tucumán N° 844
668,37840292,Baja De Comercio,En revisión,2024-02-28,,16705.93,Chaco,584,37840292,Luca,Rojas,1948-12-16,,+54 9 3458 7149,Entre Ríos,Calle Córdoba N° 73
669,29347198,Solicitud De Subsidio,Iniciado,2025-09-23,,31360.13,Misiones,79,29347198,Francisco,Velazquez,1993-12-06,,+54 9 3578 2911,Tucumán,Diagonal Chilecito N° 263
670,37039896,Inscripción Registral,En revisión,2023-09-18,,33284.52,Neuquén,17,37039896,Vicente,Sosa,1976-06-30,vvaldez@example.org,,Córdoba,Camino Malvinas Argentinas N° 32
671,31108749,Solicitud De Subsidio,Observado,2024-06-21,2024-07-29,14536.51,Misiones,257,31108749,Mia,Guzman,1990-06-28,paloma46@example.org,+54 9 3535 7438,Mendoza,Avenida 1 N° 9117
672,30995136,Certificado De Residencia,Rechazado,2023-01-10,2023-06-10,12146.41,Chaco,520,30995136,Guadalupe,Garcia,2046-07-31,gomezdelfina@example.com,,Chaco,Blv. Rivadavia N° 997
673,29951908,Baja De Comercio,Rechazado,2025-09-12,2026-04-01,0.0,Neuquén,400,29951908,Ludmila,Soria,1952-11-15,floresvalentin@example.org,,Entre Ríos,  Blv. Corrientes N° 267  
674,30962874,Certificado De Residencia,Rechazado,2024-11-28,2025-01-31,25537.37,Santa Fe,66,30962874,Valentina,Rivero,1989-07-22,morenopedro@example.com,+54 15 2454 2357,Chaco,Calle 2 N° 991
675,36045122,Certificado De Residencia,Aprobado,2024-08-06,2024-08-14,0.0,Mendoza,133,36045122,Valentino,Guzman,1977-12-02,manuel27@example.org,+54 15 2191 0430,Neuquén,  Avenida Güemes N° 787  
676,24025763,Renovación De Licencia,Iniciado,2025-10-09,,19356.49,Chaco,378,24025763,Joaquin,Perez,1943-05-01,oliviacaceres@example.org,+54 9 3334 7355,Córdoba,Blv. Mitre N° 3131
677,36428874,Baja De Comercio,Iniciado,2024-12-05,,39029.76,Entre Ríos,583,36428874,Victoria,Castro,1958-02-03,wgomez@example.org,+54 9 3305 8772,Santa Fe,Av. 5 N° 86
678,37335584,Reclamo Administrativo,Aprobado,2025-08-20,2025-09-13,7447.53,Neuquén,275,37335584,Santino,Acosta,2051-08-23,valentina00@example.net,+54 15 2209 3911,Salta,Calle Alem N° 2932
679,23004934,Baja De Comercio,En revisión,2023-03-09,,0.0,Mendoza,302,23004934,Constantino,Pereyra,1960-10-02,arodriguez@example.net,+54 9 3462 8792,Buenos Aires,Avenida 9 N° 584
680,43431337,Solicitud De Subsidio,Observado,2023-11-11,2023-11-25,26885.49,Chaco,560,43431337,Lorenzo,Romero,1983-05-16,tfernandez@example.com,+54 9 3904 6226,Chaco,Av.  Belgrano N° 711
681,33144982,Reclamo Administrativo,Aprobado,2025-11-03,2025-04-30,26722.18,Entre Ríos,183,33144982,Maria Victoria,Leiva,1987-06-19,enzo60@example.net,,Buenos Aires,Calle Güemes N° 125
682,34594181,Alta De Comercio,En revisión,2025-11-20,,18607.31,Chaco,105,34594181,Benicio,Cruz,1969-08-23,ucoronel@example.org,+54 9 3156 0932,Neuquén,Boulevard Neuquén N° 344
683,39296864,Inscripción Registral,Aprobado,2024-01-03,2024-04-20,0.0,Tucumán,532,39296864,Morena,Morales,1979-08-04,,+54 9 3367 5361,Mendoza,Avenida Bahía Blanca N° 386
684,24805805,Alta De Comercio,Iniciado,2023-09-10,,0.0,Mendoza,230,24805805,Guadalupe,Juarez,2040-10-18,ambarsoria@example.org,+54 9 3505 8650,Santa Fe,Diagonal Jujuy N° 49
685,44240036,Alta De Comercio,Aprobado,2023-06-25,2023-08-09,15725.23,Chaco,535,44240036,Camilo,Castro,1983-06-09,guadalupediaz@example.org,+54 9 3434 2556,Salta,Avenida Ciudad Autónoma de Buenos Aires N° 19
686,38498673,Baja De Comercio,Aprobado,2025-03-21,2025-02-05,24054.85,Misiones,111,38498673,Tiziano,Roldan,1985-01-18,olivia21@example.net,+54 9 3701 6315,Mendoza,Avenida Alem N° 847
687,20682306,Certificado De Residencia,En revisión,2024-04-17,,1294.81,Santa Fe,100,20682306,Julia,Paz,1953-09-10,felipe31@example.org,+54 9 3190 3311,Córdoba,Diagonal Santiago del Estero N° 17
688,22646099,Baja De Comercio,Aprobado,2023-11-25,2023-12-07,34955.9,Misiones,112,22646099,Benicio,Acuña,1967-02-24,nrodriguez@example.com,+54 15 2711 4262,Neuquén,Calle Constitución N° 5725
689,25703704,Renovación De Licencia,Observado,2023-02-16,2023-05-03,12132.99,Misiones,62,25703704,Felipe,Diaz,1979-08-08,lopezthiago-nahuel@example.com,+54 9 3699 7995,Tucumán,Calle 8 N° 146
690,21693022,Inscripción Registral,Rechazado,2024-03-25,2024-04-15,47799.53,Neuquén,357,21693022,Dylan Ezequiel,Sanchez,2071-05-02,valentinonunez@example.org,+54 9 3943 2701,Mendoza,Camino Santa Rosa N° 864
691,24846341,Solicitud De Subsidio,Rechazado,2025-08-21,2025-10-18,24889.24,Entre Ríos,519,24846341,Lautaro,Rodriguez,1968-09-01,martinezjuan-cruz@example.com,+54 9 3616 4205,Neuquén,Av. Salta N° 134
692,32652714,Inscripción Registral,Observado,2025-07-21,2025-10-10,25350.54,Neuquén,287,32652714,Joaquin,Caceres,1971-01-13,rodriguezfrancisco@example.com,+54 9 3463 5315,Salta,Diagonal 4 N° 283
693,25721435,Reclamo Administrativo,Iniciado,2025-12-17,,7238.2,Buenos Aires,122,25721435,Josefina,Martinez,2044-02-29,juliana86@example.com,+54 15 2396 6278,Salta,Av. Chubut N° 81
694,31099514,Inscripción Registral,En revisión,2023-05-17,,0.0,Córdoba,44,31099514,Martina,Rodriguez,1981-09-13,mateo-joaquin16@example.org,+54 15 2172 4005,Tucumán,Avenida San Ferando del Valle de Catamarca N° 73
695,20989296,Inscripción Registral,Aprobado,2024-11-17,2024-11-26,31854.18,Santa Fe,334,20989296,Lorenzo,Lopez,1989-01-06,jcoronel@example.net,+54 9 3103 2032,Neuquén,Calle La Rioja N° 187
696,32348674,Reclamo Administrativo,Aprobado,2023-08-16,2023-09-24,48173.22,Mendoza,103,32348674,Lautaro Benjamin,Fernandez,2053-09-05,ignaciorodriguez@example.com,+54 9 3118 3046,Tucumán,Calle  Malvinas Argentinas N° 488
697,43085156,Solicitud De Subsidio,Rechazado,2024-03-20,2024-06-10,6921.96,Santa Fe,434,43085156,Candelaria,Ponce,2067-01-05,emilia16@example.org,+54 15 2482 3414,Sin dato,Av.  Río Negro N° 913
698,24025763,Alta De Comercio,Aprobado,2025-08-25,2025-09-21,0.0,Córdoba,378,24025763,Joaquin,Perez,1943-05-01,oliviacaceres@example.org,+54 9 3334 7355,Córdoba,Blv. Mitre N° 3131
699,29154893,Renovación De Licencia,En revisión,2024-05-19,,3419.73,Córdoba,130,29154893,Juliana,Maldonado,2007-06-10,eledesma@example.org,+54 15 2561 1155,Mendoza,Diagonal 3 N° 229
700,35441902,Baja De Comercio,En revisión,2024-10-05,,17577.85,Chaco,533,35441902,Giuliana,Guzman,1979-03-07,martinaperez@example.org,+54 9 3708 5456,Santa Fe,Av. Güemes N° 4467
701,35550863,Baja De Comercio,Observado,2025-08-11,2025-11-20,0.0,Entre Ríos,414,35550863,Maximo,Juarez,2051-04-11,dgonzalez@example.com,+54 15 2543 7729,Tucumán,Diagonal 1 N° 942
702,38658282,Renovación De Licencia,Aprobado,2024-05-22,2024-07-23,25790.94,Chaco,576,38658282,Matilda,Romero,1985-12-08,maia49@example.com,+54 15 2622 8403,Sin dato,Diagonal Jujuy N° 5289
703,25916445,Reclamo Administrativo,Observado,2024-05-01,2024-05-02,48037.35,Santa Fe,392,25916445,Martina,Martinez,1987-05-23,,+54 9 3811 8372,Misiones,Diag. Saavedra N° 3951
704,27348572,Cambio De Domicilio,Rechazado,2024-12-29,2025-03-27,0.0,Neuquén,65,27348572,Francesco,Moreno,1940-06-08,castrofrancesca@example.com,+54 15 2751 9254,Neuquén,  Diagonal 2 N° 636  
705,26306075,Reclamo Administrativo,Rechazado,2023-05-26,2023-06-17,12195.47,Mendoza,220,26306075,Simon,Torres,1954-08-04,benjamin82@example.com,+54 9 3178 0774,Tucumán,Diagonal Mitre N° 19
706,27544493,Cambio De Domicilio,Aprobado,2024-03-08,2024-10-26,21184.83,Chaco,171,27544493,Juan Ignacio,Perez,1986-11-11,julianamorales@example.com,+54 9 3718 4992,Entre Ríos,Calle Alvear N° 242
707,25720262,Solicitud De Subsidio,En revisión,2023-09-27,,0.0,Tucumán,505,25720262,Catalina,Gonzalez,2005-10-09,diazalma-valentina@example.org,+54 9 3969 8152,Tucumán,Diag. San Luis N° 6895
708,34716036,Alta De Comercio,Rechazado,2025-02-19,2025-09-05,633.06,Chaco,592,34716036,Dante,Gonzalez,1996-01-02,gonzalezjuan-cruz@example.org,+54 9 3639 5873,Santa Fe,Diagonal Mitre N° 34
709,24225304,Certificado De Residencia,En revisión,2024-09-14,,11104.74,Entre Ríos,72,24225304,Vicente,Rodriguez,2006-11-10,moyanojuan-pablo@example.net,+54 15 2167 0654,Tucumán,  Calle Comodoro Rivadavia N° 613  
710,27561308,Cambio De Domicilio,Observado,2025-04-11,2026-01-15,40709.88,Córdoba,142,27561308,Delfina,Mendez,1946-06-14,leonruiz@example.org,+54 9 3942 0678,Entre Ríos,Av. Santa Fe N° 1140
711,20762870,Renovación De Licencia,Aprobado,2025-09-03,2025-04-29,0.0,Misiones,138,20762870,Benjamin Alejandro,Rodriguez,1969-07-30,thiago-nahuel45@example.org,+54 9 3405 3494,Sin dato,Av. Chilecito N° 4338
712,43748286,Certificado De Residencia,Observado,2025-08-05,2025-04-08,33533.72,Mendoza,501,43748286,Tiziano,Gonzalez,1957-09-22,,+54 9 3974 0258,Buenos Aires,   Boulevard 9 N° 331  
713,22622765,Renovación De Licencia,Rechazado,2024-02-02,2024-10-02,0.0,Salta,548,22622765,Simon,Pereyra,1936-01-13,ignacio54@example.net,+54 15 2194 0476,Mendoza,Diagonal  109 B N° 8789
714,30504571,Alta De Comercio,Observado,2024-05-22,2024-04-08,43664.33,Córdoba,84,30504571,Lucas Benjamin,Muñoz,1949-06-25,guillerminagutierrez@example.com,+54 9 3470 1687,Entre Ríos,Avenida 1 N° 859
715,44664438,Baja De Comercio,En revisión,2025-08-02,,0.0,Tucumán,24,44664438,Giuliana,Garcia,1992-05-24,rmorales@example.com,+54 15 2243 4558,Entre Ríos,Avenida 3 N° 717
716,29882378,Renovación De Licencia,En revisión,2025-05-17,,4591.07,Chaco,524,29882378,Zoe  Jazmin,Gonzalez,1947-10-24,fernandezmateo-ezequiel@example.com,+54 9 3252 6834,Tucumán,Diag. Paraná N° 291
717,23077396,Baja De Comercio,Observado,2024-02-15,2024-01-03,8291.53,Chaco,96,23077396,Julieta,Ramirez,1972-04-23,helena45@example.net,,Sin dato,Av. Chilecito N° 2393
718,31477130,Alta De Comercio,Rechazado,2023-12-03,2024-02-26,0.0,Santa Fe,420,31477130,Juana,Gomez,1959-05-14,lolaquiroga@example.com,+54 9 3218 9813,Córdoba,Av. 3 N° 86
719,28063933,Renovación De Licencia,Iniciado,2024-06-03,,36288.47,Misiones,43,28063933,Juan  Bautista,Luna,1999-11-02,dgomez@example.org,+54 15 2762 1745,Misiones,Camino Santiago del Estero N° 8695
720,41511706,Renovación De Licencia,En revisión,2024-05-29,,21856.7,Misiones,449,41511706,Joaquin,Alvarez,1958-08-12,asuarez@example.net,+54 9 3923 6687,Santa Fe,Av. Entre Ríos N° 799
721,23666460,Alta De Comercio,En revisión,2024-08-17,,0.0,Buenos Aires,14,23666460,Bautista,Diaz,1954-12-26,justina35@example.com,+54 15 2978 4980,Misiones,Diagonal Ushuaia N° 22
722,39316685,Inscripción Registral,Rechazado,2024-10-05,2024-07-30,0.0,Santa Fe,572,39316685,Tomas,Lopez,1981-04-15,moyanobenjamin@example.net,,Misiones,Boulevard 4 N° 214
723,28749844,Inscripción Registral,Observado,2025-09-17,2025-10-12,40618.0,Buenos Aires,18,28749844,Olivia,Gonzalez,1969-12-26,,+54 15 2230 3654,Neuquén,  Avenida Alem N° 681  
724,26306075,Renovación De Licencia,Observado,2025-12-11,2026-01-28,0.0,Salta,220,26306075,Simon,Torres,1954-08-04,benjamin82@example.com,+54 9 3178 0774,Tucumán,Diagonal Mitre N° 19
725,36835225,Reclamo Administrativo,Observado,2025-10-08,2025-09-21,0.0,Córdoba,368,36835225,Dylan Benjamin,Godoy,1943-09-22,franco72@example.net,+54 15 2399 9219,Córdoba,Calle Omar Nuñez N° 935
726,36475471,Renovación De Licencia,Iniciado,2024-03-27,,0.0,Mendoza,160,36475471,Josefina,Gimenez,1945-11-07,lopezthiago-lionel@example.org,+54 15 2530 7053,Sin dato,Av. San Salvador de Jujuy N° 114
727,39474444,Certificado De Residencia,Rechazado,2023-07-08,2023-12-09,0.0,Mendoza,571,39474444,Benjamin,Rivero,1991-04-27,thiago-ezequielgomez@example.net,+54 9 3366 3093,Mendoza,  Av. Catamarca N° 166  
728,43614472,Alta De Comercio,En revisión,2024-05-01,,13422.56,Buenos Aires,134,43614472,Constanza,Rodriguez,1974-10-17,victoriasanchez@example.net,+54 15 2528 5691,Mendoza,Diagonal Entre Ríos N° 27
729,42807362,Renovación De Licencia,Aprobado,2025-01-09,2025-06-09,28439.2,Chaco,228,42807362,Tomàs,Maldonado,1975-01-03,ogonzalez@example.net,+54 9 3620 9593,Córdoba,Diagonal San Juan N° 8398
730,24025763,Inscripción Registral,Rechazado,2024-12-23,2025-01-02,14609.66,Mendoza,378,24025763,Joaquin,Perez,1943-05-01,oliviacaceres@example.org,+54 9 3334 7355,Córdoba,Blv. Mitre N° 3131
731,21338058,Certificado De Residencia,Rechazado,2025-10-23,2025-11-06,0.0,Córdoba,258,21338058,Lourdes,Barrios,1946-11-15,thiago-gabriel84@example.com,+54 15 2718 2307,Entre Ríos,Av. Ciudad Autónoma de Buenos Aires N° 260
732,43419022,Reclamo Administrativo,Iniciado,2024-04-17,,0.0,Córdoba,527,43419022,Dante,Cabrera,1942-11-20,mateo44@example.com,+54 9 3432 4491,Chaco,Calle Corrientes N° 381
733,43748286,Renovación De Licencia,En revisión,2025-10-29,,0.0,Buenos Aires,501,43748286,Tiziano,Gonzalez,1957-09-22,,+54 9 3974 0258,Buenos Aires,   Boulevard 9 N° 331  
734,38498673,Renovación De Licencia,Aprobado,2023-01-27,2023-02-04,12701.9,Mendoza,111,38498673,Tiziano,Roldan,1985-01-18,olivia21@example.net,+54 9 3701 6315,Mendoza,Avenida Alem N° 847
735,37168677,Solicitud De Subsidio,Iniciado,2023-08-15,,0.0,Salta,341,37168677,Maia,Mansilla,1938-05-12,tlucero@example.com,+54 9 3379 4523,Buenos Aires,Blv. 5 N° 9116
736,34170504,Renovación De Licencia,Iniciado,2024-09-13,,9495.43,Misiones,180,34170504,Tomas,Lopez,2003-07-14,ydiaz@example.org,+54 9 3816 0917,Santa Fe,Blv.  Chubut N° 1098
737,34587018,Solicitud De Subsidio,Rechazado,2023-07-08,2023-01-09,0.0,Mendoza,364,34587018,Jeremias,Lopez,1940-01-07,qperez@example.net,+54 9 3353 9840,Sin dato,Av. Güemes N° 23
738,25284953,Solicitud De Subsidio,Observado,2025-12-13,2026-03-02,0.0,Neuquén,206,25284953,Isabel,Ruiz,1983-12-07,luz-milagros90@example.org,+54 9 3170 3843,Tucumán,Av. Alvear N° 31
739,30962874,Certificado De Residencia,Observado,2025-01-15,2025-02-15,49001.23,Salta,66,30962874,Valentina,Rivero,1989-07-22,morenopedro@example.com,+54 15 2454 2357,Chaco,Calle 2 N° 991
740,32348674,Renovación De Licencia,Aprobado,2025-04-22,2025-06-04,22623.1,Chaco,103,32348674,Lautaro Benjamin,Fernandez,2053-09-05,ignaciorodriguez@example.com,+54 9 3118 3046,Tucumán,Calle  Malvinas Argentinas N° 488
741,36020513,Cambio De Domicilio,Aprobado,2024-03-12,2024-12-08,16094.83,Córdoba,128,36020513,Morena,Sanchez,1956-04-29,tizianosuarez@example.com,+54 15 2801 7012,Santa Fe,  Blv. Santa Rosa N° 35  
742,28130745,Solicitud De Subsidio,En revisión,2024-09-21,,39274.63,Chaco,325,28130745,Manuel,Herrera,1953-10-08,emiliano25@example.com,+54 9 3540 9003,Neuquén,Avenida Tierra del Fuego N° 941
743,24805805,Alta De Comercio,Iniciado,2025-05-26,,30347.86,Córdoba,230,24805805,Guadalupe,Juarez,2040-10-18,ambarsoria@example.org,+54 9 3505 8650,Santa Fe,Diagonal Jujuy N° 49
744,20631038,Solicitud De Subsidio,Rechazado,2023-06-14,2023-06-27,0.0,Santa Fe,421,20631038,Juan Ignacio,Fernandez,1950-09-05,,+54 15 2718 4582,Córdoba,Diagonal 140 A N° 9884
745,22080700,Alta De Comercio,Rechazado,2023-12-13,2024-01-06,35718.6,Santa Fe,331,22080700,Renata,Fernandez,1956-10-22,francisco73@example.com,+54 9 3410 7256,Santa Fe,Diagonal Tucumán N° 219
746,29998521,Renovación De Licencia,En revisión,2023-09-27,,5731.71,Santa Fe,442,29998521,Lola,Cabrera,1959-04-29,moralesbenjamin@example.com,+54 15 2242 4089,Misiones,Diagonal Santa Fe N° 949
747,42670288,Alta De Comercio,Aprobado,2025-03-19,2025-01-04,45091.21,Córdoba,29,42670288,Bautista,Ledesma,1981-05-31,quirogajulieta@example.net,+54 15 2290 5865,Mendoza,Avenida Misiones N° 6186
748,38775731,Solicitud De Subsidio,Iniciado,2025-04-15,,48540.16,Tucumán,456,38775731,Gino,Gimenez,1958-01-08,iojeda@example.net,+54 15 2156 8182,Tucumán,  Avenida San Luis N° 3034  
749,44575346,Certificado De Residencia,Observado,2024-06-16,2024-04-07,48639.7,Buenos Aires,312,44575346,Angel Gabriel,Aguirre,1943-04-21,rpereyra@example.org,+54 15 2226 6912,Sin dato,Calle Rawson N° 264
750,32127051,Solicitud De Subsidio,En revisión,2024-10-30,,23978.23,Córdoba,553,32127051,Thiago Benjamin,Benitez,1942-05-16,,+54 15 2409 6289,Salta,Av. 143 Bis N° 958
751,36999031,Solicitud De Subsidio,En revisión,2025-04-15,,38348.17,Santa Fe,185,36999031,Maria Emilia,Diaz,1999-01-20,orivero@example.net,+54 9 3898 9334,Entre Ríos,Diagonal 3 N° 7811
752,29882378,Solicitud De Subsidio,Rechazado,2024-03-08,2024-10-29,23436.27,Neuquén,524,29882378,Zoe  Jazmin,Gonzalez,1947-10-24,fernandezmateo-ezequiel@example.com,+54 9 3252 6834,Tucumán,Diag. Paraná N° 291
753,35883177,Cambio De Domicilio,Iniciado,2024-11-18,,0.0,Neuquén,489,35883177,Joaquin,Perez,1941-03-30,lunafaustino@example.net,+54 15 2573 7100,Misiones,Av. Saavedra N° 5161
754,43085156,Certificado De Residencia,Iniciado,2023-08-02,,24631.59,Misiones,434,43085156,Candelaria,Ponce,2067-01-05,emilia16@example.org,+54 15 2482 3414,Sin dato,Av.  Río Negro N° 913
755,39316685,Inscripción Registral,En revisión,2023-04-17,,29261.17,Salta,572,39316685,Tomas,Lopez,1981-04-15,moyanobenjamin@example.net,,Misiones,Boulevard 4 N° 214
756,24007842,Solicitud De Subsidio,Aprobado,2023-03-13,2023-03-06,36157.57,Salta,187,24007842,Maia,Fernandez,1975-09-04,ogomez@example.org,+54 9 3855 4398,Tucumán,  Diag. 101 Bis N° 474  
757,44895713,Baja De Comercio,Aprobado,2023-01-24,2023-03-23,8070.99,Salta,27,44895713,Ignacio,Acosta,1960-04-06,agarcia@example.com,+54 15 2270 8053,Tucumán,Diagonal Malvinas Argentinas N° 44
758,44159591,Inscripción Registral,En revisión,2025-04-10,,14123.25,Buenos Aires,146,44159591,Alma Valentina,Herrera,1961-09-19,martingomez@example.net,+54 15 2648 0396,Chaco,Blv. Saavedra N° 66
759,31262896,Cambio De Domicilio,Observado,2025-10-08,2025-08-09,49258.12,Santa Fe,515,31262896,Mateo Ezequiel,Vargas,2003-05-31,cordobanicolas@example.net,+54 9 3587 6998,Mendoza,Avenida 4 N° 15
760,20488551,Reclamo Administrativo,Rechazado,2023-12-30,2024-03-17,0.0,Córdoba,540,20488551,Juan  Cruz,Ortiz,1965-04-20,perezsofia@example.net,,Misiones,Camino Tucumán N° 27
761,38498673,Cambio De Domicilio,En revisión,2023-04-09,,12016.12,Salta,111,38498673,Tiziano,Roldan,1985-01-18,olivia21@example.net,+54 9 3701 6315,Mendoza,Avenida Alem N° 847
762,41455603,Renovación De Licencia,Aprobado,2025-10-17,2025-11-10,20330.11,Buenos Aires,1,41455603,Luca,Gonzalez,1955-09-14,valentinogomez@example.net,,Córdoba,Calle  Corrientes N° 784
763,32047355,Certificado De Residencia,Aprobado,2024-01-26,2024-03-02,31005.84,Buenos Aires,170,32047355,Delfina,Gonzalez,2072-06-18,torresjeremias@example.org,,Buenos Aires,Calle  Tierra del Fuego N° 87
764,41149276,Reclamo Administrativo,Aprobado,2025-03-25,2025-04-30,44880.5,Córdoba,198,41149276,Jeremias,Torres,1983-04-27,gutierrezthiago@example.org,+54 9 3955 7790,Entre Ríos,Av.  Rivadavia N° 54
765,39256174,Renovación De Licencia,En revisión,2025-11-14,,23355.39,Córdoba,529,39256174,Morena,Rodriguez,2045-12-08,maria-paz15@example.org,+54 15 2815 2854,Santa Fe,Av.  Catamarca N° 157
766,27801837,Alta De Comercio,Iniciado,2023-03-12,,31316.1,Salta,279,27801837,Olivia,Ledesma,1992-07-21,ortizlucas-benjamin@example.com,,Buenos Aires,Av. 5 N° 921
767,25833431,Cambio De Domicilio,Observado,2023-03-14,2023-08-05,46550.33,Tucumán,272,25833431,Thiago Benjamin,Quiroga,1971-09-01,romerocatalina@example.org,+54 15 2476 6372,Entre Ríos,Diag. Buenos Aires N° 113
768,37667469,Inscripción Registral,Aprobado,2024-11-13,2024-12-27,30878.01,Santa Fe,93,37667469,Ian Ezequiel,Lopez,2000-12-01,lucas-benjamingonzalez@example.com,,Entre Ríos,Avenida J.M. de Rosas N° 8838
769,31024831,Renovación De Licencia,Rechazado,2023-12-12,2024-01-28,23986.8,Buenos Aires,60,31024831,Joaquin,Alvarez,1986-12-29,bautista06@example.org,+54 9 3715 9696,Tucumán,Av. Paraná N° 86
770,37586469,Reclamo Administrativo,Observado,2025-09-17,2025-11-25,12803.37,Santa Fe,233,37586469,Benjamin,Gonzalez,1956-05-23,gutierrezpriscila@example.com,+54 15 2943 3504,Sin dato,Av. San Luis N° 18
771,32348674,Renovación De Licencia,Observado,2024-04-05,2024-07-18,2933.01,Neuquén,103,32348674,Lautaro Benjamin,Fernandez,2053-09-05,ignaciorodriguez@example.com,+54 9 3118 3046,Tucumán,Calle  Malvinas Argentinas N° 488
772,23789250,Baja De Comercio,En revisión,2024-06-01,,46065.17,Tucumán,309,23789250,Santiago,Sosa,1942-02-04,,,Chaco,Calle 5 N° 91
773,39474444,Renovación De Licencia,Observado,2023-11-07,2023-05-09,8510.55,Tucumán,571,39474444,Benjamin,Rivero,1991-04-27,thiago-ezequielgomez@example.net,+54 9 3366 3093,Mendoza,  Av. Catamarca N° 166  
774,25019072,Inscripción Registral,Rechazado,2023-11-29,2024-01-15,38516.27,Mendoza,323,25019072,Josefina,Garcia,1940-04-07,qescobar@example.net,+54 15 2262 3198,Salta,Diag. Salta N° 421
775,24846341,Inscripción Registral,Observado,2025-05-28,2025-01-06,39272.32,Santa Fe,519,24846341,Lautaro,Rodriguez,1968-09-01,martinezjuan-cruz@example.com,+54 9 3616 4205,Neuquén,Av. Salta N° 134
776,44756404,Reclamo Administrativo,Aprobado,2023-06-24,2023-09-22,0.0,Salta,429,44756404,Priscila,Dominguez,2002-10-27,cabreraciro-benjamin@example.net,+54 15 2121 5285,Córdoba,Avenida Formosa N° 9523
777,44226096,Solicitud De Subsidio,En revisión,2025-08-22,,21695.01,Chaco,165,44226096,Mia Morena,Carrizo,1972-08-29,maitelucero@example.org,+54 9 3617 2482,Mendoza,Avenida Entre Ríos N° 746
778,44983903,Alta De Comercio,Rechazado,2023-06-28,2023-07-16,0.0,Córdoba,319,44983903,Delfina,Perez,1957-04-30,ncordoba@example.net,+54 15 2991 9541,Sin dato,Avenida Santa Fe N° 59
779,26700743,Solicitud De Subsidio,Aprobado,2023-05-10,2023-07-14,38144.4,Buenos Aires,95,26700743,Valentina,Lopez,1945-11-21,santiago-nicolas04@example.com,+54 15 2174 5499,Tucumán,Avenida Comodoro Rivadavia N° 28
780,38498673,Reclamo Administrativo,Rechazado,2025-09-23,2025-08-12,0.0,Neuquén,111,38498673,Tiziano,Roldan,1985-01-18,olivia21@example.net,+54 9 3701 6315,Mendoza,Avenida Alem N° 847
781,41045356,Renovación De Licencia,Aprobado,2024-03-24,2024-05-20,49713.69,Tucumán,350,41045356,Felipe,Navarro,1966-05-30,valentinoflores@example.com,,Neuquén,Calle G. Brown N° 712
782,32526073,Baja De Comercio,Rechazado,2024-07-09,2024-09-17,11825.97,Chaco,169,32526073,Valentino,Alvarez,1978-07-08,bautistagonzalez@example.com,+54 9 3689 8562,Santa Fe,Av. 126 A N° 43
783,31864697,Renovación De Licencia,En revisión,2024-11-19,,48698.29,Entre Ríos,351,31864697,Francesca,Gonzalez,2002-12-21,alvarorodriguez@example.net,,Tucumán,Boulevard  Mitre N° 4697
784,25833431,Cambio De Domicilio,Observado,2025-05-02,2025-02-28,39947.34,Tucumán,272,25833431,Thiago Benjamin,Quiroga,1971-09-01,romerocatalina@example.org,+54 15 2476 6372,Entre Ríos,Diag. Buenos Aires N° 113
785,35116395,Reclamo Administrativo,Iniciado,2023-04-11,,0.0,Chaco,49,35116395,Felicitas,Carrizo,1978-04-19,santino37@example.org,+54 9 3293 1746,Neuquén,Boulevard 5 N° 4191
786,39298586,Alta De Comercio,En revisión,2025-07-17,,0.0,Chaco,347,39298586,Julieta,Diaz,1939-01-22,sosathiago-benjamin@example.net,+54 15 2228 0156,Buenos Aires,Calle Entre Ríos N° 615
787,27957069,Certificado De Residencia,Observado,2023-01-10,2023-12-19,45107.93,Mendoza,293,27957069,Agustina,Bustos,1962-03-13,gomezguadalupe@example.net,+54 15 2455 2818,Chaco,  Avenida 9 N° 84  
788,40434437,Baja De Comercio,Aprobado,2023-05-05,2023-07-27,9985.59,Misiones,249,40434437,Lucia,Godoy,2041-07-11,gojeda@example.net,+54 15 2368 6025,Misiones,Calle 1 N° 854
789,23354364,Certificado De Residencia,En revisión,2025-11-01,,0.0,Córdoba,389,23354364,Tomàs,Paz,1979-12-10,brunobustos@example.com,+54 9 3679 0147,Chaco,Diagonal Jujuy N° 742
790,39443687,Solicitud De Subsidio,En revisión,2025-09-22,,2143.41,Mendoza,397,39443687,Bautista,Gonzalez,2002-03-18,oalvarez@example.net,+54 15 2289 0309,Salta,Diagonal Río Gallegos N° 21
791,43103303,Solicitud De Subsidio,Observado,2023-04-17,2023-06-21,0.0,Córdoba,333,43103303,Morena,Romero,1969-10-18,sanchezjulia@example.org,+54 9 3615 0274,Córdoba,Avenida Omar Nuñez N° 964
792,34064250,Reclamo Administrativo,Iniciado,2023-02-13,,25505.25,Córdoba,528,34064250,Matias,Gonzalez,2000-08-23,benjaminmiranda@example.org,+54 9 3334 9678,Entre Ríos,Avenida Belgrano N° 817
793,26769896,Inscripción Registral,Aprobado,2025-08-21,2025-09-13,3147.62,Misiones,436,26769896,Pedro,Rodriguez,2066-10-20,sanchezthiago-benjamin@example.com,+54 9 3163 5020,Córdoba,Diagonal 4 N° 274
794,22060838,Certificado De Residencia,Iniciado,2024-06-01,,32268.46,Entre Ríos,371,22060838,Emma,Herrera,2005-08-14,pazmaximo@example.org,+54 15 2299 7179,Córdoba,Calle 1 N° 311
795,33183418,Solicitud De Subsidio,Observado,2024-06-06,2024-06-22,44297.56,Neuquén,247,33183418,Enzo,Martinez,1974-11-21,castroagustina@example.net,+54 15 2834 7644,Neuquén,  Avenida 1 N° 828  
796,29651317,Certificado De Residencia,Aprobado,2025-04-20,2025-05-31,0.0,Mendoza,63,29651317,Bianca,Sanchez,1968-12-08,torresemilia@example.net,+54 15 2999 8679,Salta,  Diagonal San Martin N° 469  
797,27313676,Reclamo Administrativo,Iniciado,2024-03-10,,13756.08,Misiones,38,27313676,Paulina,Lopez,1973-05-07,lavila@example.net,,Tucumán,Camino La Pampa N° 577
798,20138372,Cambio De Domicilio,Observado,2025-12-17,2026-02-13,49273.86,Chaco,232,20138372,Lola,Romero,1947-04-03,umaidana@example.net,+54 9 3956 6593,Tucumán,Diagonal 5 N° 877
799,23576476,Cambio De Domicilio,Rechazado,2024-02-01,2024-02-22,0.0,Córdoba,31,23576476,Pilar,Sosa,1954-06-26,emiliano48@example.org,+54 15 2813 6783,Misiones,Av. Ciudad Autónoma de Buenos Aires N° 47
800,43373732,Renovación De Licencia,En revisión,2024-04-27,,23334.8,Buenos Aires,16,43373732,Nicolas,Flores,1936-04-30,,+54 15 2159 8262,Misiones,Camino  Santa Fe N° 4045
801,23576476,Certificado De Residencia,Observado,2024-09-18,2024-12-08,27613.18,Mendoza,31,23576476,Pilar,Sosa,1954-06-26,emiliano48@example.org,+54 15 2813 6783,Misiones,Av. Ciudad Autónoma de Buenos Aires N° 47
802,33553062,Solicitud De Subsidio,Rechazado,2024-04-05,2024-05-16,29686.82,Chaco,382,33553062,Tomàs,Benitez,1962-06-15,ysanchez@example.org,+54 15 2573 4151,Buenos Aires,Av.  Alem N° 54
803,27441374,Cambio De Domicilio,Rechazado,2023-01-22,2023-03-04,43384.55,Córdoba,283,27441374,Luciana,Flores,1994-11-13,rromero@example.net,+54 15 2253 0925,Chaco,Calle 7 N° 69
804,34381858,Certificado De Residencia,Iniciado,2024-06-22,,673.66,Tucumán,36,34381858,Juana,Martinez,1987-03-27,orodriguez@example.com,+54 15 2361 8324,Salta,   Calle 5 N° 598  
805,44668214,Inscripción Registral,Observado,2025-01-05,2025-02-23,21926.12,Salta,338,44668214,Mateo,Vargas,1956-04-06,juan-ignacioaguirre@example.com,+54 9 3492 5158,Santa Fe,Camino  Río Negro N° 729
806,32294682,Inscripción Registral,Aprobado,2024-01-12,2024-01-24,35351.94,Mendoza,433,32294682,Nicolas,Figueroa,1987-09-10,gonzalo68@example.net,,Mendoza,Diagonal Entre Ríos N° 67
807,31862764,Inscripción Registral,Iniciado,2024-08-01,,30898.87,Neuquén,289,31862764,Ciro,Coronel,1951-04-09,juan-martin92@example.net,+54 15 2816 8739,Mendoza,Avenida Alvear N° 463
808,26103019,Inscripción Registral,Observado,2023-04-04,2023-04-06,0.0,Santa Fe,276,26103019,Valentina,Herrera,2003-12-20,rayala@example.com,,Mendoza,Calle Rosario N° 287
809,39832095,Reclamo Administrativo,Observado,2024-10-02,2024-04-23,39353.13,Misiones,387,39832095,Martina,Ledesma,1971-04-18,sofiabustos@example.com,+54 9 3133 4817,Salta,Calle Paraná N° 3626
810,29212279,Alta De Comercio,Observado,2023-07-14,2023-09-24,18522.18,Neuquén,444,29212279,Josefina,Cruz,1995-04-21,bautistarodriguez@example.org,+54 9 3261 8209,Mendoza,Calle Rosario N° 13
811,29631618,Certificado De Residencia,En revisión,2024-11-14,,0.0,Buenos Aires,440,29631618,Mateo,Cardozo,1963-01-09,rruiz@example.org,+54 15 2902 9390,Chaco,Diagonal Mendoza N° 553
812,41169040,Certificado De Residencia,En revisión,2025-11-01,,1227.28,Misiones,90,41169040,Gino,Garcia,1957-01-06,milo37@example.com,+54 9 3958 4419,Santa Fe,Blv. Rosario N° 512
813,39031404,Alta De Comercio,Observado,2025-09-30,2025-11-17,25769.59,Córdoba,6,39031404,Matias,Alvarez,1979-02-15,jpereyra@example.org,+54 15 2384 5146,Neuquén,Blv. Ushuaia N° 389
814,23444816,Baja De Comercio,Rechazado,2023-02-05,2023-06-30,30305.1,Córdoba,472,23444816,Jeremias,Diaz,2049-10-10,ian-benjamincordoba@example.com,,Buenos Aires,Boulevard  2 N° 55
815,24788669,Baja De Comercio,Observado,2025-10-20,2025-08-11,8554.58,Chaco,555,24788669,Ciro,Romero,1982-03-12,,,Salta,Av. Entre Ríos N° 685
816,27277078,Solicitud De Subsidio,Observado,2025-11-17,2026-01-02,5709.17,Tucumán,343,27277078,Lara,Ferreyra,1967-09-06,,+54 9 3860 1227,Sin dato,Camino Neuquén N° 57
817,33553062,Renovación De Licencia,Rechazado,2023-04-08,2023-10-08,0.0,Neuquén,382,33553062,Tomàs,Benitez,1962-06-15,ysanchez@example.org,+54 15 2573 4151,Buenos Aires,Av.  Alem N° 54
818,28898649,Cambio De Domicilio,Iniciado,2024-11-25,,0.0,Santa Fe,19,28898649,Juan Ignacio,Valdez,1948-08-29,martina96@example.com,+54 9 3469 8169,Sin dato,Diagonal Constitución N° 486
819,34079232,Baja De Comercio,En revisión,2023-11-17,,44427.5,Tucumán,217,34079232,Paloma,Juarez,1964-06-29,xvargas@example.net,+54 9 3562 2023,Entre Ríos,Diagonal Belgrano N° 72
820,39031404,Baja De Comercio,Iniciado,2025-05-18,,0.0,Salta,6,39031404,Matias,Alvarez,1979-02-15,jpereyra@example.org,+54 15 2384 5146,Neuquén,Blv. Ushuaia N° 389
821,23622597,Inscripción Registral,Rechazado,2025-11-05,2025-07-20,3416.41,Misiones,75,23622597,Ian Benjamin,Rodriguez,1979-09-08,manuelsanchez@example.org,+54 9 3844 7962,Tucumán,Calle  Santiago del Estero N° 5916
822,23303203,Renovación De Licencia,Iniciado,2024-01-24,,0.0,Córdoba,61,23303203,Catalina,Farias,1953-05-21,zpereyra@example.com,+54 9 3935 2181,Mendoza,Boulevard La Rioja N° 422
823,25019072,Inscripción Registral,En revisión,2025-12-13,,3135.39,Mendoza,323,25019072,Josefina,Garcia,1940-04-07,qescobar@example.net,+54 15 2262 3198,Salta,Diag. Salta N° 421
824,29495860,Inscripción Registral,Iniciado,2024-06-25,,0.0,Córdoba,45,29495860,Mateo,Rodriguez,1999-03-14,,,Tucumán,  Av. 6 N° 5486  
825,21473201,Inscripción Registral,Observado,2024-11-11,2024-12-21,39973.71,Salta,517,21473201,Simon,Herrera,2006-02-19,jgodoy@example.org,,Tucumán,  Av. Güemes N° 8434  
826,26402255,Inscripción Registral,Observado,2024-08-10,2024-12-21,47849.22,Salta,470,26402255,Mora,Ruiz,1939-05-23,ofernandez@example.com,+54 15 2265 8263,Misiones,Calle Chaco N° 569
827,42217569,Certificado De Residencia,Observado,2025-12-21,2026-02-25,11054.26,Córdoba,91,42217569,Emilia,Vera,1960-11-28,vferreyra@example.com,+54 15 2238 4842,Misiones,Av. Entre Ríos N° 94
828,38099899,Reclamo Administrativo,Aprobado,2024-04-02,2024-03-18,0.0,Entre Ríos,37,38099899,Juan  Ignacio,Ledesma,1986-09-15,guillermina77@example.org,+54 15 2465 9401,Mendoza,Diag. Mitre N° 501
829,41511706,Cambio De Domicilio,Aprobado,2023-04-10,2023-11-12,26732.01,Tucumán,449,41511706,Joaquin,Alvarez,1958-08-12,asuarez@example.net,+54 9 3923 6687,Santa Fe,Av. Entre Ríos N° 799
830,34410072,Certificado De Residencia,Rechazado,2024-07-16,2024-07-21,44604.29,Misiones,559,34410072,Matias,Rojas,2060-11-12,diazsofia@example.org,,Entre Ríos,Diagonal  Saavedra N° 450
831,29902086,Inscripción Registral,Observado,2025-11-12,2026-01-19,0.0,Buenos Aires,200,29902086,Mateo Agustin,Fernandez,1947-08-10,agustinaramirez@example.net,+54 15 2841 3797,Mendoza,Diag. 3 N° 9259
832,37346622,Solicitud De Subsidio,Aprobado,2025-09-17,2025-09-24,22724.79,Córdoba,339,37346622,Matilda,Correa,1980-09-06,fmorales@example.org,+54 9 3273 2788,Buenos Aires,Av. San Miguel de Tucumán N° 3452
833,31504069,Renovación De Licencia,Rechazado,2023-01-26,2023-02-16,5803.44,Tucumán,373,31504069,Violeta,Lucero,1980-10-30,jeremias07@example.net,+54 9 3293 1109,Santa Fe,Diag. San Luis N° 95
834,42670288,Alta De Comercio,Observado,2023-12-15,2023-12-29,39056.0,Córdoba,29,42670288,Bautista,Ledesma,1981-05-31,quirogajulieta@example.net,+54 15 2290 5865,Mendoza,Avenida Misiones N° 6186
835,33984667,Certificado De Residencia,Iniciado,2023-07-02,,0.0,Buenos Aires,235,33984667,Sebastian,Silva,1941-05-09,ayalaignacio@example.com,+54 9 3513 9060,Misiones,Avenida San Luis N° 94
836,44593964,Inscripción Registral,Observado,2024-12-12,2025-01-29,49911.44,Santa Fe,416,44593964,Alma,Peralta,2007-02-12,hruiz@example.net,+54 9 3643 8612,Salta,Av.  Malvinas Argentinas N° 58
837,24007842,Inscripción Registral,Rechazado,2025-02-06,2025-03-19,43066.61,Buenos Aires,187,24007842,Maia,Fernandez,1975-09-04,ogomez@example.org,+54 9 3855 4398,Tucumán,  Diag. 101 Bis N° 474  
838,40005950,Inscripción Registral,Aprobado,2023-10-16,2023-10-31,0.0,Chaco,81,40005950,Valentina,Godoy,2075-02-11,luciacabrera@example.org,+54 15 2699 2299,Tucumán,Av. Pte. Perón N° 5140
839,32348674,Certificado De Residencia,Rechazado,2025-12-26,2026-01-20,32373.71,Córdoba,103,32348674,Lautaro Benjamin,Fernandez,2053-09-05,ignaciorodriguez@example.com,+54 9 3118 3046,Tucumán,Calle  Malvinas Argentinas N° 488
840,38272481,Solicitud De Subsidio,Iniciado,2024-05-01,,0.0,Neuquén,50,38272481,Valentino,Acosta,1984-07-27,ununez@example.org,+54 9 3617 9640,Tucumán,Av. 4 N° 9165
841,25721435,Renovación De Licencia,Iniciado,2023-10-26,,2757.55,Tucumán,122,25721435,Josefina,Martinez,2044-02-29,juliana86@example.com,+54 15 2396 6278,Salta,Av. Chubut N° 81
842,30962874,Alta De Comercio,Iniciado,2025-12-25,,44084.76,Santa Fe,66,30962874,Valentina,Rivero,1989-07-22,morenopedro@example.com,+54 15 2454 2357,Chaco,Calle 2 N° 991
843,34410072,Cambio De Domicilio,Aprobado,2024-12-20,2025-03-02,2762.38,Buenos Aires,559,34410072,Matias,Rojas,2060-11-12,diazsofia@example.org,,Entre Ríos,Diagonal  Saavedra N° 450
844,23303203,Renovación De Licencia,Rechazado,2024-12-23,2025-02-24,47173.78,Misiones,61,23303203,Catalina,Farias,1953-05-21,zpereyra@example.com,+54 9 3935 2181,Mendoza,Boulevard La Rioja N° 422
845,23303203,Certificado De Residencia,Iniciado,2023-12-31,,2682.4,Mendoza,61,23303203,Catalina,Farias,1953-05-21,zpereyra@example.com,+54 9 3935 2181,Mendoza,Boulevard La Rioja N° 422
846,21499295,Baja De Comercio,Observado,2023-04-02,2023-11-03,15684.46,Entre Ríos,491,21499295,Milagros,Fernandez,1971-12-20,danteledesma@example.com,+54 9 3931 3614,Chaco,Av. Omar Nuñez N° 646
847,22954177,Certificado De Residencia,Iniciado,2025-12-08,,0.0,Santa Fe,231,22954177,Catalina,Muñoz,1974-09-06,santiagoferreyra@example.net,+54 15 2888 6195,Entre Ríos,Av.  Chaco N° 39
848,21693022,Reclamo Administrativo,Iniciado,2025-11-10,,6935.39,Tucumán,357,21693022,Dylan Ezequiel,Sanchez,2071-05-02,valentinonunez@example.org,+54 9 3943 2701,Mendoza,Camino Santa Rosa N° 864
849,43884350,Baja De Comercio,Rechazado,2023-12-01,2023-03-22,15731.91,Córdoba,109,43884350,Rafael,Medina,2053-05-18,,+54 15 2116 6687,Entre Ríos,Diagonal Catamarca N° 626
850,43373732,Reclamo Administrativo,Iniciado,2024-09-20,,12592.12,Misiones,16,43373732,Nicolas,Flores,1936-04-30,,+54 15 2159 8262,Misiones,Camino  Santa Fe N° 4045
851,20723628,Baja De Comercio,Rechazado,2023-11-28,2024-02-02,0.0,Santa Fe,570,20723628,Nicolas,Sosa,1951-10-07,juan-cruz51@example.net,+54 9 3888 8636,Misiones,  Avenida Omar Nuñez N° 752  
852,37096865,Inscripción Registral,Aprobado,2023-07-08,2023-02-11,4842.48,Neuquén,7,37096865,Ian Ezequiel,Aguero,2057-05-30,felipecoronel@example.net,+54 15 2595 7015,Neuquén,Avenida 2 N° 82
853,43085156,Cambio De Domicilio,Aprobado,2024-05-29,2024-06-20,0.0,Entre Ríos,434,43085156,Candelaria,Ponce,2067-01-05,emilia16@example.org,+54 15 2482 3414,Sin dato,Av.  Río Negro N° 913
854,27301839,Certificado De Residencia,Observado,2024-01-03,2024-03-25,0.0,Entre Ríos,363,27301839,Emma,Castro,1992-11-12,tiziano71@example.net,+54 15 2725 8238,Entre Ríos,Av. San Martin N° 85
855,34306582,Renovación De Licencia,En revisión,2025-01-31,,21856.73,Córdoba,166,34306582,Thiago,Nuñez,1969-06-24,herreramateo-ezequiel@example.net,+54 15 2573 8168,Chaco,Camino San Ferando del Valle de Catamarca N° 46
856,32383973,Certificado De Residencia,Iniciado,2023-10-23,,28494.4,Córdoba,176,32383973,Benjamin,Aguero,1973-08-12,emacarrizo@example.com,+54 15 2963 7562,Salta,Diagonal San Martin N° 928
857,31123801,Inscripción Registral,Rechazado,2024-02-15,2024-03-14,34668.24,Córdoba,516,31123801,Juan,Duarte,1941-11-13,milogarcia@example.net,+54 9 3109 4544,Chaco,Av. 6 N° 8217
858,37790526,Inscripción Registral,Observado,2024-06-02,2024-04-13,3824.85,Neuquén,391,37790526,Samuel,Castro,2008-04-14,navarrojuan-bautista@example.com,+54 9 3872 4380,Santa Fe,Diagonal 8 N° 476
859,31057585,Solicitud De Subsidio,Observado,2024-07-15,2024-09-28,33039.15,Santa Fe,159,31057585,Renzo,Martinez,1957-07-24,uramos@example.com,+54 9 3891 3736,Salta,Camino Pte. Perón N° 32
860,27950590,Cambio De Domicilio,Rechazado,2025-12-24,2026-01-14,7195.88,Buenos Aires,173,27950590,Bautista,Muñoz,2001-04-09,facundobravo@example.com,+54 9 3601 2045,Neuquén,Calle Santiago del Estero N° 3030
861,29946673,Solicitud De Subsidio,Iniciado,2024-09-04,,46265.46,Córdoba,259,29946673,Valentin,Gonzalez,1973-08-17,benjamin43@example.com,+54 15 2234 4857,Mendoza,Calle Bahía Blanca N° 99
862,42560013,Cambio De Domicilio,Rechazado,2025-02-13,2025-04-01,6815.24,Buenos Aires,68,42560013,Mateo Benjamin,Sanchez,1994-08-28,mbarrios@example.com,+54 9 3374 6886,Córdoba,Diag. Saavedra N° 6097
863,37386339,Baja De Comercio,En revisión,2023-05-25,,18279.18,Córdoba,284,37386339,Mateo,Martinez,1978-10-02,santinofarias@example.net,,Santa Fe,Diagonal Mitre N° 3647
864,43886539,Alta De Comercio,Aprobado,2024-01-15,2024-02-09,20654.32,Buenos Aires,250,43886539,Lucía,Gomez,1945-03-25,benjaminvazquez@example.org,+54 9 3477 8097,Entre Ríos,Diagonal 8 N° 141
865,39803169,Certificado De Residencia,Aprobado,2023-10-14,2023-12-30,0.0,Misiones,59,39803169,Juan Ignacio,Flores,1956-04-20,,+54 15 2469 0034,Tucumán,Diagonal Güemes N° 870
866,24805805,Renovación De Licencia,En revisión,2023-07-31,,21077.67,Córdoba,230,24805805,Guadalupe,Juarez,2040-10-18,ambarsoria@example.org,+54 9 3505 8650,Santa Fe,Diagonal Jujuy N° 49
867,24884998,Renovación De Licencia,Aprobado,2023-05-11,2023-12-24,0.0,Mendoza,481,24884998,Morena,Moreno,2002-02-02,maria-luz10@example.org,+54 15 2302 1563,Neuquén,Diagonal 6 N° 1850
868,24788669,Reclamo Administrativo,Aprobado,2023-02-04,2023-04-11,0.0,Córdoba,555,24788669,Ciro,Romero,1982-03-12,,,Salta,Av. Entre Ríos N° 685
869,35637097,Inscripción Registral,Rechazado,2024-07-05,2024-09-05,42151.01,Chaco,430,35637097,Emilia,Suarez,1954-12-14,poncefranco@example.org,,Salta,  Av. 5 N° 630  
870,36586173,Baja De Comercio,Rechazado,2025-05-01,2025-04-02,18402.69,Tucumán,42,36586173,Mateo Benjamin,Romero,1975-01-12,umedina@example.org,+54 15 2896 3605,Mendoza,Diag. Mendoza N° 1237
871,33677886,Reclamo Administrativo,Aprobado,2025-05-31,2025-08-23,36005.35,Entre Ríos,261,33677886,Pedro,Lopez,1979-02-21,trios@example.com,+54 15 2881 7921,Neuquén,Avenida 8 N° 353
872,41439587,Baja De Comercio,Aprobado,2025-09-27,2025-12-19,42402.21,Salta,9,41439587,Salvador,Martinez,1951-09-13,vegaisabella@example.org,+54 15 2451 8347,Tucumán,Diagonal San Luis N° 837
873,20558243,Solicitud De Subsidio,Iniciado,2025-01-08,,33440.5,Entre Ríos,121,20558243,Santiago,Romero,1969-01-10,felicitas78@example.net,+54 9 3696 9691,Neuquén,Av. Resistencia N° 2439
874,31178476,Alta De Comercio,Aprobado,2025-07-09,2025-10-12,37125.31,Santa Fe,569,31178476,Julian,Ortiz,1965-12-13,cardozoemilia@example.net,+54 9 3236 8269,Tucumán,Avenida 2 N° 327
875,31454044,Reclamo Administrativo,Aprobado,2023-01-26,2023-06-02,28205.43,Santa Fe,246,31454044,Bautista,Blanco,2007-07-30,dcastillo@example.org,+54 9 3960 9656,Salta,Camino Buenos Aires N° 871
876,31862764,Renovación De Licencia,Rechazado,2023-05-21,2023-06-14,12653.37,Buenos Aires,289,31862764,Ciro,Coronel,1951-04-09,juan-martin92@example.net,+54 15 2816 8739,Mendoza,Avenida Alvear N° 463
877,33183418,Certificado De Residencia,Iniciado,2025-04-14,,19006.17,Entre Ríos,247,33183418,Enzo,Martinez,1974-11-21,castroagustina@example.net,+54 15 2834 7644,Neuquén,  Avenida 1 N° 828  
878,31227565,Solicitud De Subsidio,Rechazado,2023-09-24,2023-12-22,20368.14,Tucumán,479,31227565,Josefina,Sanchez,2050-06-01,raguirre@example.com,+54 15 2717 2959,Córdoba,Calle 1 N° 198
879,40242901,Reclamo Administrativo,En revisión,2023-07-13,,0.0,Salta,344,40242901,Isabella,Gonzalez,1981-08-24,fchavez@example.net,+54 9 3807 6789,Neuquén,Calle 1 N° 925
880,29347198,Alta De Comercio,Observado,2023-03-13,2023-01-05,0.0,Tucumán,79,29347198,Francisco,Velazquez,1993-12-06,,+54 9 3578 2911,Tucumán,Diagonal Chilecito N° 263
881,34327185,Renovación De Licencia,Iniciado,2024-09-18,,25648.26,Santa Fe,379,34327185,Geronimo,Lopez,1963-03-27,josefina63@example.org,+54 15 2584 2530,Santa Fe,Camino Mitre N° 8321
882,34834600,Reclamo Administrativo,Observado,2023-09-17,2023-06-10,9495.33,Mendoza,409,34834600,Lisandro,Paez,1945-10-05,aguerovictoria@example.net,+54 15 2457 9786,Chaco,Diagonal 6 N° 61
883,23666460,Alta De Comercio,Rechazado,2023-06-04,2023-12-05,6565.72,Buenos Aires,14,23666460,Bautista,Diaz,1954-12-26,justina35@example.com,+54 15 2978 4980,Misiones,Diagonal Ushuaia N° 22
884,25833431,Reclamo Administrativo,Observado,2023-03-24,2023-07-06,0.0,Buenos Aires,272,25833431,Thiago Benjamin,Quiroga,1971-09-01,romerocatalina@example.org,+54 15 2476 6372,Entre Ríos,Diag. Buenos Aires N° 113
885,40250556,Cambio De Domicilio,Observado,2025-03-02,2025-04-24,26940.82,Córdoba,464,40250556,Ian Ezequiel,Ortiz,1995-09-15,bautistacarrizo@example.net,+54 15 2855 0272,Córdoba,Calle Alem N° 188
886,22497804,Baja De Comercio,Observado,2025-03-17,2025-02-05,36629.53,Misiones,508,22497804,Thiago Benjamin,Romero,1991-06-14,sofiamaldonado@example.com,+54 15 2637 1990,Entre Ríos,Boulevard 191 Bis N° 5712
887,27715175,Baja De Comercio,Aprobado,2024-09-01,2024-01-30,13719.43,Chaco,288,27715175,Maria Victoria,Rodriguez,1967-11-06,dylanmedina@example.com,+54 9 3627 3543,Entre Ríos,Diagonal 1 N° 881
888,38272481,Renovación De Licencia,Iniciado,2025-09-22,,43827.95,Mendoza,50,38272481,Valentino,Acosta,1984-07-27,ununez@example.org,+54 9 3617 9640,Tucumán,Av. 4 N° 9165
889,38775731,Reclamo Administrativo,Rechazado,2023-03-19,2023-05-16,0.0,Tucumán,456,38775731,Gino,Gimenez,1958-01-08,iojeda@example.net,+54 15 2156 8182,Tucumán,  Avenida San Luis N° 3034  
890,32044670,Inscripción Registral,Iniciado,2024-09-30,,0.0,Entre Ríos,64,32044670,Sofía,Gimenez,2005-07-16,vgomez@example.net,+54 15 2982 0377,Tucumán,Calle La Rioja N° 6616
891,20989296,Renovación De Licencia,Observado,2025-11-23,2026-02-16,0.0,Santa Fe,334,20989296,Lorenzo,Lopez,1989-01-06,jcoronel@example.net,+54 9 3103 2032,Neuquén,Calle La Rioja N° 187
892,42560013,Alta De Comercio,Aprobado,2025-11-27,2025-12-21,11722.1,Córdoba,68,42560013,Mateo Benjamin,Sanchez,1994-08-28,mbarrios@example.com,+54 9 3374 6886,Córdoba,Diag. Saavedra N° 6097
893,39201794,Alta De Comercio,Rechazado,2024-11-21,2025-01-28,0.0,Neuquén,223,39201794,Ian Benjamin,Martinez,1946-08-16,adiaz@example.com,+54 9 3157 0512,Santa Fe,  Avenida Posadas N° 573  
894,27041252,Reclamo Administrativo,Aprobado,2023-12-29,2024-01-18,28992.87,Chaco,355,27041252,Catalina,Rodriguez,2000-06-27,ediaz@example.com,+54 9 3898 8649,Buenos Aires,Blv. Tierra del Fuego N° 3736
895,43251076,Inscripción Registral,Aprobado,2024-12-29,2025-01-15,8864.31,Chaco,253,43251076,Tomas,Gomez,1988-11-23,suarezluciano@example.net,+54 9 3669 5489,Chaco,Diagonal J.M. de Rosas N° 873
896,37586469,Baja De Comercio,Observado,2024-01-11,2024-11-26,42716.77,Mendoza,233,37586469,Benjamin,Gonzalez,1956-05-23,gutierrezpriscila@example.com,+54 15 2943 3504,Sin dato,Av. San Luis N° 18
897,27301839,Reclamo Administrativo,En revisión,2023-03-03,,48613.65,Córdoba,363,27301839,Emma,Castro,1992-11-12,tiziano71@example.net,+54 15 2725 8238,Entre Ríos,Av. San Martin N° 85
898,36569018,Reclamo Administrativo,Observado,2023-06-01,2023-07-30,0.0,Buenos Aires,51,36569018,Isabella,Perez,2006-04-22,ngomez@example.net,+54 15 2205 3293,Neuquén,  Av. Mitre N° 46  
899,21406130,Reclamo Administrativo,Iniciado,2025-02-10,,32417.9,Misiones,102,21406130,Lautaro Benjamin,Gonzalez,1960-07-10,ucaceres@example.net,+54 9 3862 4628,Buenos Aires,Avenida 3 N° 7078
900,42807362,Baja De Comercio,Observado,2025-11-10,2026-06-01,46190.62,Misiones,228,42807362,Tomàs,Maldonado,1975-01-03,ogonzalez@example.net,+54 9 3620 9593,Córdoba,Diagonal San Juan N° 8398
901,38416387,Solicitud De Subsidio,Rechazado,2023-07-23,2023-09-23,48994.06,Santa Fe,265,38416387,Catalina,Maldonado,2000-05-24,navarroantonella@example.com,+54 9 3669 9733,Mendoza,Diagonal San Juan N° 626
902,44159591,Renovación De Licencia,En revisión,2025-02-25,,0.0,Misiones,146,44159591,Alma Valentina,Herrera,1961-09-19,martingomez@example.net,+54 15 2648 0396,Chaco,Blv. Saavedra N° 66
903,41802627,Baja De Comercio,En revisión,2023-11-04,,20548.86,Neuquén,580,41802627,Tiziano,Martinez,1954-04-26,,+54 15 2572 0948,Mendoza,Calle 2 N° 5218
904,37684955,Reclamo Administrativo,En revisión,2024-04-19,,0.0,Córdoba,346,37684955,Lautaro Nicolas,Muñoz,1964-02-14,rmiranda@example.net,+54 9 3872 9341,Tucumán,Calle 8 N° 78
905,41543250,Solicitud De Subsidio,Iniciado,2025-01-20,,812.49,Mendoza,545,41543250,Salvador,Vazquez,1959-09-23,nahiara97@example.org,+54 15 2303 3192,Buenos Aires,Camino 6 N° 13
906,41037707,Inscripción Registral,Aprobado,2023-08-19,2023-09-04,11377.7,Salta,573,41037707,Sofia,Medina,1953-06-07,yolivera@example.org,+54 9 3881 9523,Córdoba,Calle Tucumán N° 79
907,39803169,Cambio De Domicilio,Observado,2025-02-24,2025-02-04,3631.25,Chaco,59,39803169,Juan Ignacio,Flores,1956-04-20,,+54 15 2469 0034,Tucumán,Diagonal Güemes N° 870
908,21798822,Baja De Comercio,Aprobado,2024-02-28,2024-04-09,21691.89,Córdoba,47,21798822,Sofía,Sosa,1982-05-02,agostina21@example.net,+54 15 2247 0952,Mendoza,Avenida J.B. Alberdi N° 39
909,24806722,Solicitud De Subsidio,Observado,2024-11-15,2025-10-02,0.0,Entre Ríos,80,24806722,Renzo,Moreno,2068-06-22,valentino89@example.org,+54 15 2568 0182,Entre Ríos,Avenida 4 N° 528
910,44639675,Renovación De Licencia,Observado,2023-07-30,2023-02-10,0.0,Santa Fe,462,44639675,Facundo,Molina,2004-11-13,santino-benjaminsanchez@example.org,+54 9 3405 6730,Córdoba,Blv. Alem N° 324
911,43373732,Certificado De Residencia,Iniciado,2025-06-14,,0.0,Tucumán,16,43373732,Nicolas,Flores,1936-04-30,,+54 15 2159 8262,Misiones,Camino  Santa Fe N° 4045
912,43547809,Reclamo Administrativo,En revisión,2025-02-14,,26833.02,Salta,76,43547809,Bautista,Godoy,2062-02-23,benjamin-alejandrofernandez@example.net,+54 9 3702 1355,Entre Ríos,Calle Saavedra N° 658
913,27313676,Baja De Comercio,Observado,2024-06-26,2024-01-09,11950.55,Santa Fe,38,27313676,Paulina,Lopez,1973-05-07,lavila@example.net,,Tucumán,Camino La Pampa N° 577
914,31560470,Certificado De Residencia,Rechazado,2025-12-02,2025-07-05,17944.64,Mendoza,136,31560470,Micaela,Perez,1940-04-15,aguirrebianca@example.org,+54 9 3292 5241,Salta,Av. 1 N° 1083
915,33640372,Reclamo Administrativo,Aprobado,2024-05-28,2024-06-23,2028.42,Neuquén,586,33640372,Paulina,Gonzalez,2004-03-30,martinbenicio@example.org,+54 9 3640 3344,Chaco,  Av. 7 N° 448  
916,27277078,Renovación De Licencia,En revisión,2025-03-12,,29511.63,Buenos Aires,343,27277078,Lara,Ferreyra,1967-09-06,,+54 9 3860 1227,Sin dato,Camino Neuquén N° 57
917,35626143,Certificado De Residencia,Rechazado,2024-10-10,2024-11-28,0.0,Salta,358,35626143,Sofia Belen,Herrera,1988-09-03,paulinagimenez@example.com,+54 9 3772 5199,Santa Fe,Boulevard Paraná N° 572
918,39893718,Certificado De Residencia,Rechazado,2025-07-31,2025-09-20,29857.75,Córdoba,575,39893718,Pedro,Gomez,1946-04-13,,+54 15 2456 5237,Misiones,Avenida  San Luis N° 84
919,35637097,Reclamo Administrativo,En revisión,2024-04-29,,0.0,Salta,430,35637097,Emilia,Suarez,1954-12-14,poncefranco@example.org,,Salta,  Av. 5 N° 630  
920,39555733,Certificado De Residencia,Aprobado,2024-07-09,2024-08-19,48765.05,Neuquén,251,39555733,Justina,Garcia,1981-07-07,,,Tucumán,Calle J.B. Alberdi N° 9234
921,33452805,Baja De Comercio,Rechazado,2023-03-29,2023-05-25,10691.49,Neuquén,191,33452805,Gael,Gonzalez,1947-01-14,valentinoalvarez@example.net,+54 9 3324 5088,Tucumán,Calle 7 N° 514
922,23418124,Alta De Comercio,Iniciado,2025-02-12,,23402.29,Salta,478,23418124,Thiago,Vargas,1944-07-21,luciano53@example.com,+54 9 3438 1649,Chaco,  Calle Formosa N° 717  
923,35775508,Inscripción Registral,En revisión,2023-10-16,,30780.34,Tucumán,307,35775508,Lautaro,Ledesma,1945-09-10,mpaez@example.net,+54 9 3324 0132,Mendoza,  Avenida Corrientes N° 27  
924,23601212,Solicitud De Subsidio,Rechazado,2025-08-19,2025-09-20,35597.32,Tucumán,424,23601212,Samuel,Benitez,1937-07-07,bautistagomez@example.org,,Santa Fe,Avenida San Martin N° 47
925,44215038,Cambio De Domicilio,Rechazado,2024-09-22,2024-04-12,0.0,Neuquén,125,44215038,Lautaro,Maldonado,1967-05-09,ramosemma@example.net,+54 9 3496 2923,Tucumán,Av.  J.J. Castelli N° 368
926,25018440,Baja De Comercio,Rechazado,2023-07-27,2023-08-30,0.0,Chaco,277,25018440,Giovanni,Diaz,1964-04-15,igomez@example.com,+54 15 2291 7410,Neuquén,  Diagonal 8 N° 83  
927,30249526,Solicitud De Subsidio,Observado,2023-05-16,2023-10-08,0.0,Neuquén,224,30249526,Milena,Gomez,1991-09-13,oliviabravo@example.org,,Entre Ríos,Avenida La Pampa N° 19
928,29428817,Alta De Comercio,En revisión,2025-04-14,,24207.04,Misiones,457,29428817,Thiago Ezequiel,Rodriguez,1981-04-27,antoniocordoba@example.net,+54 15 2828 8985,Santa Fe,Avenida G. Brown N° 167
929,21693022,Inscripción Registral,En revisión,2023-07-26,,0.0,Santa Fe,357,21693022,Dylan Ezequiel,Sanchez,2071-05-02,valentinonunez@example.org,+54 9 3943 2701,Mendoza,Camino Santa Rosa N° 864
930,43991912,Solicitud De Subsidio,En revisión,2025-07-18,,0.0,Neuquén,39,43991912,Zoe Valentina,Molina,1968-10-29,valentina16@example.net,+54 15 2687 6038,Buenos Aires,Av. Neuquén N° 9334
931,40825715,Baja De Comercio,Observado,2025-04-08,2025-04-15,0.0,Chaco,229,40825715,Felipe,Garcia,1965-07-17,santino81@example.org,+54 15 2220 3173,Salta,Diagonal 7 N° 581
932,34973941,Reclamo Administrativo,Rechazado,2023-07-09,2023-10-23,31586.22,Buenos Aires,342,34973941,Benjamin,Gomez,1948-02-29,zmedina@example.net,+54 9 3249 9564,Misiones,Calle 2 N° 4380
933,31178476,Cambio De Domicilio,Rechazado,2024-08-03,2024-03-19,0.0,Entre Ríos,569,31178476,Julian,Ortiz,1965-12-13,cardozoemilia@example.net,+54 9 3236 8269,Tucumán,Avenida 2 N° 327
934,39277865,Inscripción Registral,Rechazado,2025-04-07,2025-02-08,0.0,Salta,407,39277865,Lucía,Morales,1999-07-01,bautistarodriguez@example.org,+54 9 3815 0937,Santa Fe,   Calle Buenos Aires N° 120  
935,36080448,Cambio De Domicilio,En revisión,2023-11-21,,0.0,Mendoza,162,36080448,Agustina,Guzman,2006-03-24,herreravalentino@example.org,+54 15 2734 9446,Entre Ríos,Av. Rivadavia N° 728
936,38498673,Reclamo Administrativo,Iniciado,2024-03-27,,2117.14,Entre Ríos,111,38498673,Tiziano,Roldan,1985-01-18,olivia21@example.net,+54 9 3701 6315,Mendoza,Avenida Alem N° 847
937,36685857,Baja De Comercio,Observado,2024-02-12,2025-07-01,0.0,Tucumán,145,36685857,Santino Benjamin,Figueroa,2053-10-24,,+54 9 3787 5985,Sin dato,Calle Viedma N° 51
938,37777624,Renovación De Licencia,Iniciado,2023-08-27,,27059.8,Entre Ríos,193,37777624,Juana,Rodriguez,1942-10-17,wduarte@example.org,+54 15 2814 9135,Entre Ríos,Diagonal Corrientes N° 626
939,35116395,Reclamo Administrativo,En revisión,2023-02-10,,9468.11,Santa Fe,49,35116395,Felicitas,Carrizo,1978-04-19,santino37@example.org,+54 9 3293 1746,Neuquén,Boulevard 5 N° 4191
940,36516388,Cambio De Domicilio,En revisión,2024-01-13,,1303.96,Neuquén,204,36516388,Jeremias,Perez,1998-01-15,,+54 9 3636 8872,Mendoza,Av. Jujuy N° 362
941,38498673,Cambio De Domicilio,En revisión,2023-09-21,,10264.79,Chaco,111,38498673,Tiziano,Roldan,1985-01-18,olivia21@example.net,+54 9 3701 6315,Mendoza,Avenida Alem N° 847
942,38125852,Reclamo Administrativo,Iniciado,2023-08-01,,0.0,Salta,70,38125852,Thiago,Gonzalez,2003-07-30,,+54 9 3127 7901,Chaco,Diag. Posadas N° 7928
943,44159591,Inscripción Registral,Rechazado,2025-09-02,2025-11-20,14260.7,Buenos Aires,146,44159591,Alma Valentina,Herrera,1961-09-19,martingomez@example.net,+54 15 2648 0396,Chaco,Blv. Saavedra N° 66
944,40005950,Solicitud De Subsidio,En revisión,2025-01-18,,0.0,Santa Fe,81,40005950,Valentina,Godoy,2075-02-11,luciacabrera@example.org,+54 15 2699 2299,Tucumán,Av. Pte. Perón N° 5140
945,29977515,Certificado De Residencia,En revisión,2023-11-05,,4997.92,Santa Fe,48,29977515,Thiago  Lionel,Torres,1972-03-04,ludmila47@example.com,,Mendoza,   Diagonal Constitución N° 861  
946,31560470,Renovación De Licencia,Aprobado,2023-06-26,2023-03-07,33197.42,Córdoba,136,31560470,Micaela,Perez,1940-04-15,aguirrebianca@example.org,+54 9 3292 5241,Salta,Av. 1 N° 1083
947,36737866,Reclamo Administrativo,Rechazado,2023-09-03,2023-04-20,2977.3,Misiones,488,36737866,Martín,Sosa,1956-08-25,abril12@example.net,+54 9 3343 2512,Misiones,  Av. Constitución N° 661  
948,37586469,Baja De Comercio,Observado,2024-06-24,2024-08-20,8199.82,Neuquén,233,37586469,Benjamin,Gonzalez,1956-05-23,gutierrezpriscila@example.com,+54 15 2943 3504,Sin dato,Av. San Luis N° 18
949,33887158,Solicitud De Subsidio,Rechazado,2025-09-15,2025-05-11,24530.66,Chaco,352,33887158,Julian,Rios,1967-11-26,tomas-benjamin63@example.com,,Mendoza,Calle  Posadas N° 315
950,37720478,Alta De Comercio,Iniciado,2023-03-08,,0.0,Misiones,588,37720478,Santino,Fernandez,1990-05-13,maria-belen62@example.org,+54 9 3693 8173,Salta,Diagonal Formosa N° 143
951,42005029,Reclamo Administrativo,Observado,2025-04-07,2025-04-13,42825.36,Chaco,469,42005029,Bianca,Perez,1983-09-17,giuliana63@example.org,+54 9 3600 0258,Salta,  Blv. Santa Rosa N° 74  
952,44960314,Cambio De Domicilio,Iniciado,2024-04-15,,5626.67,Neuquén,299,44960314,Dylan,Fernandez,2006-06-13,,+54 15 2397 5170,Córdoba,Calle  Ciudad Autónoma de Buenos Aires N° 863
953,21338058,Alta De Comercio,Aprobado,2025-01-08,2025-01-31,9187.39,Salta,258,21338058,Lourdes,Barrios,1946-11-15,thiago-gabriel84@example.com,+54 15 2718 2307,Entre Ríos,Av. Ciudad Autónoma de Buenos Aires N° 260
954,33677886,Baja De Comercio,En revisión,2025-09-11,,0.0,Santa Fe,261,33677886,Pedro,Lopez,1979-02-21,trios@example.com,+54 15 2881 7921,Neuquén,Avenida 8 N° 353
955,40648640,Solicitud De Subsidio,Rechazado,2024-03-05,2024-05-26,0.0,Misiones,116,40648640,Thiago,Maldonado,1964-04-23,soriasofia@example.net,+54 15 2280 7374,Misiones,Diagonal J.B. Alberdi N° 524
956,32834505,Solicitud De Subsidio,En revisión,2025-05-12,,43921.85,Tucumán,201,32834505,Mateo,Castillo,2002-12-16,martinezfrancesca@example.org,,Tucumán,Boulevard 1 N° 2828
957,31262896,Inscripción Registral,Observado,2025-08-01,2025-03-13,0.0,Entre Ríos,515,31262896,Mateo Ezequiel,Vargas,2003-05-31,cordobanicolas@example.net,+54 9 3587 6998,Mendoza,Avenida 4 N° 15
958,39832095,Cambio De Domicilio,Observado,2023-12-15,2024-12-03,31383.75,Salta,387,39832095,Martina,Ledesma,1971-04-18,sofiabustos@example.com,+54 9 3133 4817,Salta,Calle Paraná N° 3626
959,42533822,Reclamo Administrativo,En revisión,2025-04-24,,9656.83,Chaco,438,42533822,Agustín,Juarez,2038-08-15,santiagoacosta@example.org,+54 15 2989 5473,Neuquén,Calle Corrientes N° 964
960,20460812,Baja De Comercio,En revisión,2025-09-28,,4487.39,Misiones,327,20460812,Lucio,Lucero,1995-03-07,genarogimenez@example.com,+54 9 3398 5700,Misiones,Diagonal Chubut N° 45
961,41657472,Baja De Comercio,En revisión,2025-03-02,,28848.88,Santa Fe,86,41657472,Candelaria,Ruiz,1993-08-27,lautaro-benjamin52@example.org,+54 9 3880 0025,Chaco,Calle Salta N° 63
962,43148116,Cambio De Domicilio,Aprobado,2024-10-25,2024-09-11,16132.33,Neuquén,11,43148116,Micaela,Mendez,1942-10-09,martingabriel@example.org,,Buenos Aires,Blv. Córdoba N° 7794
963,25495891,Baja De Comercio,En revisión,2025-11-16,,41420.07,Santa Fe,412,25495891,Lucio,Carrizo,2005-01-31,,+54 9 3615 3991,Salta,Diagonal Merlo N° 784
964,31099514,Renovación De Licencia,Rechazado,2024-09-15,2024-03-11,0.0,Misiones,44,31099514,Martina,Rodriguez,1981-09-13,mateo-joaquin16@example.org,+54 15 2172 4005,Tucumán,Avenida San Ferando del Valle de Catamarca N° 73
965,36586173,Baja De Comercio,Iniciado,2025-03-07,,0.0,Santa Fe,42,36586173,Mateo Benjamin,Romero,1975-01-12,umedina@example.org,+54 15 2896 3605,Mendoza,Diag. Mendoza N° 1237
966,29347198,Alta De Comercio,Aprobado,2023-12-16,2024-01-23,27400.27,Salta,79,29347198,Francisco,Velazquez,1993-12-06,,+54 9 3578 2911,Tucumán,Diagonal Chilecito N° 263
967,31472691,Inscripción Registral,Iniciado,2024-01-28,,19778.44,Santa Fe,306,31472691,Thiago,Suarez,1960-06-20,santinofernandez@example.org,+54 15 2789 8881,Santa Fe,Calle  Rosario N° 18
968,41455603,Baja De Comercio,Iniciado,2025-07-06,,32094.91,Entre Ríos,1,41455603,Luca,Gonzalez,1955-09-14,valentinogomez@example.net,,Córdoba,Calle  Corrientes N° 784
969,34498085,Solicitud De Subsidio,Aprobado,2024-10-02,2024-03-31,29991.77,Mendoza,534,34498085,Luca,Gonzalez,1968-04-20,francolopez@example.org,+54 15 2199 5298,Misiones,Calle J.B. Alberdi N° 66
970,40982358,Reclamo Administrativo,En revisión,2023-11-25,,0.0,Tucumán,304,40982358,Joaquina,Morales,1970-05-18,torresmaria-paz@example.org,,Chaco,Calle Formosa N° 155
971,30962874,Cambio De Domicilio,Iniciado,2024-06-19,,36770.58,Neuquén,66,30962874,Valentina,Rivero,1989-07-22,morenopedro@example.com,+54 15 2454 2357,Chaco,Calle 2 N° 991
972,44104258,Baja De Comercio,Iniciado,2024-08-20,,28980.68,Santa Fe,115,44104258,Julieta,Duarte,1959-11-17,vcordoba@example.com,+54 9 3469 2459,Mendoza,  Calle San Salvador de Jujuy N° 4467  
973,43419022,Renovación De Licencia,En revisión,2025-03-26,,0.0,Santa Fe,527,43419022,Dante,Cabrera,1942-11-20,mateo44@example.com,+54 9 3432 4491,Chaco,Calle Corrientes N° 381
974,31541238,Baja De Comercio,Iniciado,2023-07-09,,0.0,Córdoba,3,31541238,Nicolas,Rivero,1980-11-10,dante10@example.net,+54 15 2841 3164,Buenos Aires,Avenida La Rioja N° 234
975,27811165,Solicitud De Subsidio,Aprobado,2023-06-07,2023-09-25,46798.22,Santa Fe,4,27811165,Mateo Benjamin,Martinez,1969-05-15,juan-sebastian83@example.net,+54 9 3203 0564,Córdoba,Boulevard 6 N° 87
976,33429675,Renovación De Licencia,Observado,2025-01-26,2025-02-17,26932.1,Chaco,428,33429675,Alexander,Cordoba,2036-05-28,uperalta@example.org,+54 9 3478 8160,Chaco,Diagonal  Alvear N° 648
977,27059399,Baja De Comercio,En revisión,2024-03-24,,33822.16,Mendoza,447,27059399,Dylan Ezequiel,Martinez,2005-06-13,benicio95@example.org,+54 9 3910 9226,Chaco,Calle Santa Rosa N° 55
978,26306075,Alta De Comercio,Rechazado,2025-08-21,2025-10-13,9263.14,Mendoza,220,26306075,Simon,Torres,1954-08-04,benjamin82@example.com,+54 9 3178 0774,Tucumán,Diagonal Mitre N° 19
979,32180192,Alta De Comercio,Observado,2023-12-22,2024-01-31,8175.1,Santa Fe,445,32180192,Valentina,Rodriguez,1946-01-14,ariasbenjamin@example.org,+54 9 3313 2797,Mendoza,Av. Comodoro Rivadavia N° 59
980,25284953,Baja De Comercio,En revisión,2025-05-21,,0.0,Neuquén,206,25284953,Isabel,Ruiz,1983-12-07,luz-milagros90@example.org,+54 9 3170 3843,Tucumán,Av. Alvear N° 31
981,27348572,Reclamo Administrativo,Observado,2025-01-11,2026-02-01,0.0,Entre Ríos,65,27348572,Francesco,Moreno,1940-06-08,castrofrancesca@example.com,+54 15 2751 9254,Neuquén,  Diagonal 2 N° 636  
982,23458283,Solicitud De Subsidio,En revisión,2024-03-17,,31247.91,Chaco,596,23458283,Luana,Benitez,1997-07-07,francisco16@example.com,+54 15 2145 0232,Santa Fe,Calle  8 N° 4059
983,31477130,Inscripción Registral,Iniciado,2025-09-08,,0.0,Chaco,420,31477130,Juana,Gomez,1959-05-14,lolaquiroga@example.com,+54 9 3218 9813,Córdoba,Av. 3 N° 86
984,33144982,Baja De Comercio,Iniciado,2024-05-23,,18747.65,Salta,183,33144982,Maria Victoria,Leiva,1987-06-19,enzo60@example.net,,Buenos Aires,Calle Güemes N° 125
985,34843168,Inscripción Registral,Rechazado,2023-06-17,2023-09-07,22686.76,Misiones,547,34843168,Simon,Ledesma,1953-11-30,castrolorenzo@example.com,+54 15 2905 7563,Misiones,Boulevard Rivadavia N° 142
986,26402255,Solicitud De Subsidio,Observado,2025-03-18,2025-08-04,37039.62,Neuquén,470,26402255,Mora,Ruiz,1939-05-23,ofernandez@example.com,+54 15 2265 8263,Misiones,Calle Chaco N° 569
987,44664438,Baja De Comercio,Rechazado,2024-02-27,2024-02-04,3614.99,Neuquén,24,44664438,Giuliana,Garcia,1992-05-24,rmorales@example.com,+54 15 2243 4558,Entre Ríos,Avenida 3 N° 717
988,29668585,Certificado De Residencia,Rechazado,2025-05-11,2025-08-11,28177.92,Neuquén,406,29668585,Bruno,Ferreyra,1989-02-19,joaquinlopez@example.org,+54 15 2472 8179,Santa Fe,  Calle 3 N° 7384  
989,43029703,Solicitud De Subsidio,Rechazado,2025-08-14,2025-09-19,12505.33,Misiones,292,43029703,Francesco,Torres,1969-08-07,guzmanbautista@example.net,,Entre Ríos,Avenida Santiago del Estero N° 61
990,33887158,Reclamo Administrativo,En revisión,2025-05-13,,13628.44,Neuquén,352,33887158,Julian,Rios,1967-11-26,tomas-benjamin63@example.com,,Mendoza,Calle  Posadas N° 315
991,27544493,Inscripción Registral,Observado,2024-02-22,2024-04-13,0.0,Chaco,171,27544493,Juan Ignacio,Perez,1986-11-11,julianamorales@example.com,+54 9 3718 4992,Entre Ríos,Calle Alvear N° 242
992,38058086,Renovación De Licencia,Rechazado,2025-10-08,2025-01-10,0.0,Mendoza,41,38058086,Renata,Suarez,1970-02-05,ymolina@example.org,+54 15 2114 6584,Chaco,Avenida Neuquén N° 378
993,41455603,Cambio De Domicilio,Observado,2023-06-13,2023-08-22,15603.5,Misiones,1,41455603,Luca,Gonzalez,1955-09-14,valentinogomez@example.net,,Córdoba,Calle  Corrientes N° 784
994,35746723,Solicitud De Subsidio,Observado,2024-05-02,2024-04-22,0.0,Santa Fe,243,35746723,Pedro,Sanchez,1979-10-26,nmolina@example.net,+54 15 2398 3248,Mendoza,Boulevard Río Gallegos N° 36
995,34763601,Renovación De Licencia,Aprobado,2024-04-20,2024-04-22,5540.21,Neuquén,458,34763601,Emma,Franco,1979-05-12,tizianotoledo@example.org,+54 15 2824 8171,Chaco,Boulevard Resistencia N° 66
996,23680864,Reclamo Administrativo,En revisión,2025-06-14,,28118.93,Mendoza,365,23680864,Lisandro,Franco,1999-09-28,tomascampos@example.com,+54 9 3447 4355,Santa Fe,Av. Constitución N° 8210
997,41511706,Solicitud De Subsidio,Observado,2025-09-18,2025-12-13,25381.35,Buenos Aires,449,41511706,Joaquin,Alvarez,1958-08-12,asuarez@example.net,+54 9 3923 6687,Santa Fe,Av. Entre Ríos N° 799
998,25721435,Renovación De Licencia,Observado,2023-06-15,2023-08-15,18931.88,Buenos Aires,122,25721435,Josefina,Martinez,2044-02-29,juliana86@example.com,+54 15 2396 6278,Salta,Av. Chubut N° 81
999,36128405,Baja De Comercio,Aprobado,2025-01-11,2025-09-12,14075.81,Salta,237,36128405,Juan Bautista,Ramos,1945-02-21,jazmindiaz@example.com,+54 15 2589 8331,Córdoba,  Avenida Omar Nuñez N° 717  
1000,41037707,Reclamo Administrativo,Rechazado,2023-08-26,2023-10-13,16518.56,Neuquén,573,41037707,Sofia,Medina,1953-06-07,yolivera@example.org,+54 9 3881 9523,Córdoba,Calle Tucumán N° 79
1001,27059399,Baja De Comercio,Rechazado,2023-01-18,2023-02-05,30644.93,Mendoza,447,27059399,Dylan Ezequiel,Martinez,2005-06-13,benicio95@example.org,+54 9 3910 9226,Chaco,Calle Santa Rosa N° 55
1002,23004934,Certificado De Residencia,Rechazado,2024-01-06,2024-05-06,34394.35,Neuquén,302,23004934,Constantino,Pereyra,1960-10-02,arodriguez@example.net,+54 9 3462 8792,Buenos Aires,Avenida 9 N° 584
1003,40825715,Cambio De Domicilio,Observado,2023-10-24,2023-12-19,0.0,Santa Fe,229,40825715,Felipe,Garcia,1965-07-17,santino81@example.org,+54 15 2220 3173,Salta,Diagonal 7 N° 581
1004,37347875,Renovación De Licencia,Aprobado,2023-05-08,2023-09-19,0.0,Córdoba,295,37347875,Juan,Leiva,1994-09-01,lopezlautaro-nicolas@example.org,+54 15 2562 4112,Córdoba,Calle 3 N° 5870
1005,38125852,Baja De Comercio,Rechazado,2024-06-28,2024-07-29,0.0,Misiones,70,38125852,Thiago,Gonzalez,2003-07-30,,+54 9 3127 7901,Chaco,Diag. Posadas N° 7928
1006,43251076,Inscripción Registral,Observado,2023-06-23,2023-07-08,29430.57,Entre Ríos,253,43251076,Tomas,Gomez,1988-11-23,suarezluciano@example.net,+54 9 3669 5489,Chaco,Diagonal J.M. de Rosas N° 873
1007,26376137,Certificado De Residencia,Aprobado,2025-06-27,2025-10-07,3794.73,Buenos Aires,144,26376137,Olivia,Flores,1961-06-18,victoriaacosta@example.org,+54 15 2799 9347,Misiones,Av. Belgrano N° 742
1008,29343487,Solicitud De Subsidio,Iniciado,2025-07-23,,15709.19,Entre Ríos,542,29343487,Jeronimo,Muñoz,1999-11-19,maximo95@example.net,+54 15 2924 8395,Neuquén,Av. Corrientes N° 9282
1009,26306075,Alta De Comercio,Aprobado,2023-11-01,2023-11-20,29238.76,Neuquén,220,26306075,Simon,Torres,1954-08-04,benjamin82@example.com,+54 9 3178 0774,Tucumán,Diagonal Mitre N° 19
1010,35904434,Renovación De Licencia,En revisión,2023-07-27,,24672.35,Mendoza,471,35904434,Mateo,Sanchez,2042-07-06,benitezagustin@example.net,+54 15 2109 8196,Neuquén,Calle J.M. de Rosas N° 354
1011,29902086,Reclamo Administrativo,Iniciado,2024-10-26,,0.0,Misiones,200,29902086,Mateo Agustin,Fernandez,1947-08-10,agustinaramirez@example.net,+54 15 2841 3797,Mendoza,Diag. 3 N° 9259
1012,33984667,Certificado De Residencia,En revisión,2024-06-30,,0.0,Misiones,235,33984667,Sebastian,Silva,1941-05-09,ayalaignacio@example.com,+54 9 3513 9060,Misiones,Avenida San Luis N° 94
1013,43878690,Baja De Comercio,En revisión,2024-04-21,,0.0,Tucumán,487,43878690,Santino,Rodriguez,1953-10-18,diazisabella@example.org,+54 9 3731 8143,Misiones,Calle Merlo N° 4437
1014,43140908,Cambio De Domicilio,Aprobado,2025-07-21,2025-10-14,25838.26,Entre Ríos,419,43140908,Santino  Ezequiel,Ferreyra,1955-09-19,htorres@example.org,+54 15 2817 8309,Chaco,Diagonal Santa Fe N° 867
1015,26769896,Certificado De Residencia,Rechazado,2024-06-17,2024-12-07,37244.18,Neuquén,436,26769896,Pedro,Rodriguez,2066-10-20,sanchezthiago-benjamin@example.com,+54 9 3163 5020,Córdoba,Diagonal 4 N° 274
1016,36757650,Cambio De Domicilio,Observado,2024-12-30,2025-08-01,29589.21,Salta,408,36757650,Delfina,Arias,1963-01-18,paula75@example.net,+54 9 3755 5535,Neuquén,Calle Formosa N° 8170
1017,21241639,Renovación De Licencia,Aprobado,2024-01-22,2024-06-03,24244.68,Misiones,441,21241639,Nicolas,Lopez,1938-12-15,juanagodoy@example.com,+54 15 2140 3381,Buenos Aires,Diagonal La Rioja N° 538
1018,34151240,Reclamo Administrativo,Aprobado,2023-04-27,2023-05-18,32702.28,Misiones,240,34151240,Maria Victoria,Dominguez,2038-10-19,isabelladiaz@example.net,+54 9 3607 0164,Santa Fe,Calle Pte. Perón N° 7693
1019,43119827,Certificado De Residencia,Aprobado,2025-09-11,2026-01-28,28271.48,Chaco,530,43119827,Santino,Vega,1973-09-05,maitedominguez@example.net,+54 15 2403 2963,Buenos Aires,Calle Rosario N° 85
1020,35352660,Baja De Comercio,Observado,2025-02-12,2025-03-29,7601.23,Neuquén,337,35352660,Faustino,Ferreyra,2005-01-15,abigail92@example.org,+54 15 2745 0189,Buenos Aires,Avenida 4 N° 1641
1021,42983916,Alta De Comercio,Observado,2024-10-27,2025-01-13,32145.24,Chaco,474,42983916,Benjamin,Lopez,1977-01-14,gomezalma@example.com,+54 9 3599 8028,Santa Fe,Calle San Martin N° 983
1022,30504571,Solicitud De Subsidio,Rechazado,2023-04-06,2023-06-06,39600.42,Mendoza,84,30504571,Lucas Benjamin,Muñoz,1949-06-25,guillerminagutierrez@example.com,+54 9 3470 1687,Entre Ríos,Avenida 1 N° 859
1023,26769896,Reclamo Administrativo,Rechazado,2024-07-22,2024-12-08,36442.91,Mendoza,436,26769896,Pedro,Rodriguez,2066-10-20,sanchezthiago-benjamin@example.com,+54 9 3163 5020,Córdoba,Diagonal 4 N° 274
1024,26360159,Alta De Comercio,Observado,2024-06-25,2024-08-08,0.0,Entre Ríos,541,26360159,Constanza,Torres,1990-11-17,maximogomez@example.org,+54 9 3810 6728,Salta,Camino 7 N° 274
1025,37753534,Renovación De Licencia,Iniciado,2023-08-25,,22542.1,Entre Ríos,591,37753534,Martin,Vargas,2074-11-06,silvavalentin@example.net,+54 15 2616 4772,Salta,Diagonal 6 N° 176
1026,21654605,Reclamo Administrativo,En revisión,2024-06-21,,11440.05,Córdoba,324,21654605,Thiago Nahuel,Sanchez,1996-05-21,vcordoba@example.org,+54 9 3832 1234,Mendoza,Camino La Plata N° 265
1027,39142372,Certificado De Residencia,Observado,2025-11-13,2026-01-21,6763.56,Córdoba,321,39142372,Maximo,Torres,1946-05-30,thiago-valentinvazquez@example.com,+54 9 3351 3644,Neuquén,Diagonal San Salvador de Jujuy N° 34
1028,44215038,Alta De Comercio,Observado,2024-11-22,2024-12-23,42715.15,Tucumán,125,44215038,Lautaro,Maldonado,1967-05-09,ramosemma@example.net,+54 9 3496 2923,Tucumán,Av.  J.J. Castelli N° 368
1029,20762870,Renovación De Licencia,Aprobado,2024-06-01,2024-02-20,42851.47,Buenos Aires,138,20762870,Benjamin Alejandro,Rodriguez,1969-07-30,thiago-nahuel45@example.org,+54 9 3405 3494,Sin dato,Av. Chilecito N° 4338
1030,29218510,Solicitud De Subsidio,Aprobado,2023-07-12,2023-12-15,20322.82,Misiones,291,29218510,Catalina,Navarro,1986-03-24,,+54 9 3831 0742,Chaco,  Diagonal San Martin N° 7732  
1031,31435416,Baja De Comercio,En revisión,2024-11-08,,11243.13,Neuquén,509,31435416,Santino,Aguirre,1952-01-25,lorenzo43@example.org,+54 15 2903 8960,Córdoba,Avenida San Salvador de Jujuy N° 769
1032,33339832,Renovación De Licencia,Observado,2024-10-31,2024-02-12,48783.67,Salta,411,33339832,Violeta,Sanchez,1984-04-10,clopez@example.org,,Chaco,Diagonal Resistencia N° 5546
1033,37667469,Certificado De Residencia,Aprobado,2024-10-18,2025-08-01,43108.32,Mendoza,93,37667469,Ian Ezequiel,Lopez,2000-12-01,lucas-benjamingonzalez@example.com,,Entre Ríos,Avenida J.M. de Rosas N° 8838
1034,32199762,Alta De Comercio,Rechazado,2024-02-08,2024-10-14,12681.92,Neuquén,599,32199762,Josefina,Herrera,2001-07-15,juan-cruzrojas@example.net,+54 15 2977 9323,Neuquén,Boulevard 4 N° 715
1035,31099514,Cambio De Domicilio,En revisión,2024-09-01,,0.0,Santa Fe,44,31099514,Martina,Rodriguez,1981-09-13,mateo-joaquin16@example.org,+54 15 2172 4005,Tucumán,Avenida San Ferando del Valle de Catamarca N° 73
1036,20318987,Reclamo Administrativo,Observado,2024-02-13,2024-07-04,0.0,Misiones,558,20318987,Ramiro,Farias,1962-12-12,gfernandez@example.com,+54 9 3737 6731,Tucumán,Diagonal 3 N° 575
1037,39759241,Alta De Comercio,Rechazado,2025-01-23,2025-02-25,47965.53,Mendoza,85,39759241,Mateo Benjamin,Farias,1967-01-31,ian-benjamin65@example.org,,Misiones,Av. 9 N° 239
1038,27277078,Reclamo Administrativo,Observado,2023-05-21,2023-11-08,0.0,Misiones,343,27277078,Lara,Ferreyra,1967-09-06,,+54 9 3860 1227,Sin dato,Camino Neuquén N° 57
1039,43431337,Renovación De Licencia,Iniciado,2024-11-09,,0.0,Santa Fe,560,43431337,Lorenzo,Romero,1983-05-16,tfernandez@example.com,+54 9 3904 6226,Chaco,Av.  Belgrano N° 711
1040,35169289,Solicitud De Subsidio,Iniciado,2024-06-02,,26678.99,Neuquén,522,35169289,Helena,Acosta,2005-07-13,wsosa@example.net,,Córdoba,Diag. Chubut N° 3356
1041,28130745,Reclamo Administrativo,En revisión,2023-01-20,,0.0,Neuquén,325,28130745,Manuel,Herrera,1953-10-08,emiliano25@example.com,+54 9 3540 9003,Neuquén,Avenida Tierra del Fuego N° 941
1042,27811165,Certificado De Residencia,Observado,2024-10-02,2024-04-03,6038.35,Entre Ríos,4,27811165,Mateo Benjamin,Martinez,1969-05-15,juan-sebastian83@example.net,+54 9 3203 0564,Córdoba,Boulevard 6 N° 87
1043,36800697,Alta De Comercio,Rechazado,2023-09-27,2023-10-15,1553.01,Misiones,551,36800697,Renata,Godoy,1997-06-02,sanchezlucas@example.org,+54 9 3279 1971,Córdoba,  Calle Belgrano N° 13  
1044,29234717,Reclamo Administrativo,Iniciado,2025-10-31,,10553.21,Neuquén,574,29234717,Jeronimo,Guzman,1940-05-10,,+54 15 2598 0770,Neuquén,Diag.  Alvear N° 9586
1045,31123801,Cambio De Domicilio,Observado,2025-01-23,2025-01-02,0.0,Mendoza,516,31123801,Juan,Duarte,1941-11-13,milogarcia@example.net,+54 9 3109 4544,Chaco,Av. 6 N° 8217
1046,26306075,Certificado De Residencia,Rechazado,2025-09-23,2025-10-30,0.0,Buenos Aires,220,26306075,Simon,Torres,1954-08-04,benjamin82@example.com,+54 9 3178 0774,Tucumán,Diagonal Mitre N° 19
1047,40648640,Reclamo Administrativo,Aprobado,2025-09-15,2025-10-10,20096.95,Santa Fe,116,40648640,Thiago,Maldonado,1964-04-23,soriasofia@example.net,+54 15 2280 7374,Misiones,Diagonal J.B. Alberdi N° 524
1048,38058086,Baja De Comercio,Aprobado,2024-11-25,2024-12-04,36345.98,Chaco,41,38058086,Renata,Suarez,1970-02-05,ymolina@example.org,+54 15 2114 6584,Chaco,Avenida Neuquén N° 378
1049,20762870,Alta De Comercio,Iniciado,2025-09-14,,35510.17,Neuquén,138,20762870,Benjamin Alejandro,Rodriguez,1969-07-30,thiago-nahuel45@example.org,+54 9 3405 3494,Sin dato,Av. Chilecito N° 4338
1050,27801837,Baja De Comercio,Iniciado,2024-05-06,,0.0,Misiones,279,27801837,Olivia,Ledesma,1992-07-21,ortizlucas-benjamin@example.com,,Buenos Aires,Av. 5 N° 921
1051,42325123,Solicitud De Subsidio,Iniciado,2023-04-11,,0.0,Chaco,78,42325123,Sofia,Fernandez,1941-11-01,tiziano-valentinacosta@example.org,+54 9 3351 8844,Córdoba,Boulevard Santa Fe N° 69
1052,42670288,Solicitud De Subsidio,Observado,2024-09-01,2024-03-21,0.0,Chaco,29,42670288,Bautista,Ledesma,1981-05-31,quirogajulieta@example.net,+54 15 2290 5865,Mendoza,Avenida Misiones N° 6186
1053,31472691,Solicitud De Subsidio,En revisión,2025-05-19,,0.0,Neuquén,306,31472691,Thiago,Suarez,1960-06-20,santinofernandez@example.org,+54 15 2789 8881,Santa Fe,Calle  Rosario N° 18
1054,31066374,Reclamo Administrativo,Iniciado,2025-03-02,,11148.06,Santa Fe,53,31066374,Santino,Rodriguez,1968-07-05,agustina17@example.net,+54 15 2190 8470,Misiones,  Diag. 117 B N° 272  
1055,43431337,Baja De Comercio,Rechazado,2025-09-14,2025-11-11,2073.98,Mendoza,560,43431337,Lorenzo,Romero,1983-05-16,tfernandez@example.com,+54 9 3904 6226,Chaco,Av.  Belgrano N° 711
1056,40774671,Cambio De Domicilio,Rechazado,2025-11-23,2025-12-11,17278.73,Entre Ríos,401,40774671,Camila,Lopez,1967-05-11,ycoronel@example.com,+54 15 2366 1498,Córdoba,Calle Mendoza N° 577
1057,23576476,Baja De Comercio,Iniciado,2025-05-05,,1786.84,Neuquén,31,23576476,Pilar,Sosa,1954-06-26,emiliano48@example.org,+54 15 2813 6783,Misiones,Av. Ciudad Autónoma de Buenos Aires N° 47
1058,41753347,Certificado De Residencia,Iniciado,2024-09-18,,0.0,Salta,473,41753347,Luciano Benjamin,Gomez,1971-09-15,ian-ezequiel36@example.org,+54 9 3706 1713,Entre Ríos,Avenida San Miguel de Tucumán N° 352
1059,41802627,Certificado De Residencia,Iniciado,2025-09-24,,0.0,Buenos Aires,580,41802627,Tiziano,Martinez,1954-04-26,,+54 15 2572 0948,Mendoza,Calle 2 N° 5218
1060,38044037,Alta De Comercio,Aprobado,2025-02-14,2025-03-22,27584.3,Córdoba,260,38044037,Santino,Molina,1975-09-24,,+54 15 2114 9587,Misiones,Av. 1 N° 12
1061,37894197,Cambio De Domicilio,Iniciado,2024-10-29,,0.0,Mendoza,486,37894197,Benicio,Diaz,1964-07-08,dgimenez@example.com,+54 9 3551 0663,Mendoza,Calle  5 N° 977
1062,23789250,Alta De Comercio,Aprobado,2025-06-09,2025-06-26,0.0,Neuquén,309,23789250,Santiago,Sosa,1942-02-04,,,Chaco,Calle 5 N° 91
1063,25018440,Solicitud De Subsidio,Iniciado,2023-09-30,,39992.9,Santa Fe,277,25018440,Giovanni,Diaz,1964-04-15,igomez@example.com,+54 15 2291 7410,Neuquén,  Diagonal 8 N° 83  
1064,35076250,Reclamo Administrativo,Observado,2024-08-09,2024-09-11,0.0,Salta,385,35076250,Simon,Roldan,2037-10-27,dantefernandez@example.net,+54 15 2775 5366,Misiones,Diagonal Güemes N° 130
1065,40005950,Renovación De Licencia,Rechazado,2025-02-09,2025-11-19,41444.48,Misiones,81,40005950,Valentina,Godoy,2075-02-11,luciacabrera@example.org,+54 15 2699 2299,Tucumán,Av. Pte. Perón N° 5140
1066,37043962,Alta De Comercio,Iniciado,2023-12-10,,16323.62,Neuquén,360,37043962,Luisina,Perez,1950-08-25,irodriguez@example.net,+54 9 3769 0705,Salta,Calle 9 N° 224
1067,29560594,Reclamo Administrativo,En revisión,2025-08-22,,13137.31,Misiones,94,29560594,Mia Jazmin,Herrera,2049-09-13,romeromaria-paz@example.net,+54 9 3320 5493,Salta,Diagonal Mendoza N° 2875
1068,38581904,Renovación De Licencia,En revisión,2024-02-25,,0.0,Misiones,432,38581904,Ambar,Benitez,2045-01-11,tgonzalez@example.org,+54 15 2634 0266,Tucumán,   Calle Rivadavia N° 7481  
1069,36128405,Alta De Comercio,Rechazado,2023-06-12,2023-05-09,14933.01,Santa Fe,237,36128405,Juan Bautista,Ramos,1945-02-21,jazmindiaz@example.com,+54 15 2589 8331,Córdoba,  Avenida Omar Nuñez N° 717  
1070,22574665,Cambio De Domicilio,Rechazado,2023-12-19,2024-01-27,39378.44,Tucumán,88,22574665,Nahiara,Vargas,1992-04-14,joaquinnunez@example.org,+54 9 3123 0913,Santa Fe,Av. Santa Rosa N° 968
1071,37399215,Renovación De Licencia,Aprobado,2024-08-02,2024-07-10,28917.17,Entre Ríos,554,37399215,Catalina,Ramos,2054-06-23,hperez@example.net,+54 15 2772 7955,Córdoba,Boulevard La Pampa N° 153
1072,36188931,Baja De Comercio,Rechazado,2024-05-21,2024-06-14,37302.28,Santa Fe,281,36188931,Guillermina,Soto,1994-11-20,gonzalezisabella@example.net,+54 15 2361 3878,Córdoba,Avenida Belgrano N° 38
1073,20495191,Cambio De Domicilio,Aprobado,2025-09-12,2025-10-25,1399.6,Mendoza,15,20495191,Maria Emilia,Fernandez,1956-11-03,luciodiaz@example.net,+54 9 3587 4016,Tucumán,Avenida 3 N° 348
1074,44960314,Renovación De Licencia,Rechazado,2025-11-03,2026-01-01,12980.07,Buenos Aires,299,44960314,Dylan,Fernandez,2006-06-13,,+54 15 2397 5170,Córdoba,Calle  Ciudad Autónoma de Buenos Aires N° 863
1075,44664438,Cambio De Domicilio,Observado,2025-07-03,2025-03-19,46724.03,Neuquén,24,44664438,Giuliana,Garcia,1992-05-24,rmorales@example.com,+54 15 2243 4558,Entre Ríos,Avenida 3 N° 717
1076,41543250,Renovación De Licencia,Observado,2023-03-15,2023-05-13,15359.98,Córdoba,545,41543250,Salvador,Vazquez,1959-09-23,nahiara97@example.org,+54 15 2303 3192,Buenos Aires,Camino 6 N° 13
1077,41410185,Reclamo Administrativo,Rechazado,2024-03-02,2024-05-03,1641.35,Neuquén,561,41410185,Mateo,Fernandez,2072-08-19,pgonzalez@example.net,+54 9 3860 4641,Córdoba,Diagonal Tierra del Fuego N° 628
1078,34064250,Alta De Comercio,Aprobado,2023-07-31,2023-10-27,0.0,Córdoba,528,34064250,Matias,Gonzalez,2000-08-23,benjaminmiranda@example.org,+54 9 3334 9678,Entre Ríos,Avenida Belgrano N° 817
1079,31734535,Inscripción Registral,Iniciado,2025-04-23,,25311.8,Tucumán,326,31734535,Jazmín,Alvarez,2002-01-15,qblanco@example.com,,Neuquén,Avenida Belgrano N° 7767
1080,34666248,Renovación De Licencia,Iniciado,2025-02-18,,10570.94,Tucumán,154,34666248,Agustin,Escobar,1954-12-21,ylopez@example.com,+54 15 2470 4774,Mendoza,Av. Saavedra N° 6191
1081,39398947,Solicitud De Subsidio,Rechazado,2024-03-02,2024-07-02,0.0,Buenos Aires,423,39398947,Bautista,Perez,1963-06-30,camilarodriguez@example.com,+54 9 3628 3143,Chaco,Diagonal Salta N° 366
1082,44401950,Solicitud De Subsidio,Iniciado,2025-01-05,,35463.83,Córdoba,98,44401950,Alma Valentina,Acosta,2073-03-02,,+54 9 3206 4039,Chaco,  Avenida 2 N° 208  
1083,30995136,Cambio De Domicilio,En revisión,2024-02-06,,0.0,Salta,520,30995136,Guadalupe,Garcia,2046-07-31,gomezdelfina@example.com,,Chaco,Blv. Rivadavia N° 997
1084,36685857,Alta De Comercio,Iniciado,2023-02-09,,34596.95,Chaco,145,36685857,Santino Benjamin,Figueroa,2053-10-24,,+54 9 3787 5985,Sin dato,Calle Viedma N° 51
1085,37586469,Reclamo Administrativo,Aprobado,2023-04-01,2023-03-27,17549.82,Buenos Aires,233,37586469,Benjamin,Gonzalez,1956-05-23,gutierrezpriscila@example.com,+54 15 2943 3504,Sin dato,Av. San Luis N° 18
1086,23004934,Baja De Comercio,Iniciado,2024-01-26,,27673.13,Córdoba,302,23004934,Constantino,Pereyra,1960-10-02,arodriguez@example.net,+54 9 3462 8792,Buenos Aires,Avenida 9 N° 584
1087,38900916,Solicitud De Subsidio,Aprobado,2024-11-10,2024-12-25,3511.2,Mendoza,181,38900916,Santiago Nicolas,Mansilla,2070-11-17,helenalopez@example.org,,Córdoba,  Boulevard 146 A N° 3437  
1088,20086075,Alta De Comercio,Aprobado,2024-07-09,2024-01-11,0.0,Santa Fe,57,20086075,Martin,Maldonado,1980-01-06,cabreramilagros@example.net,+54 9 3102 4455,Misiones,Calle 7 N° 12
1089,25284953,Reclamo Administrativo,En revisión,2025-08-05,,0.0,Tucumán,206,25284953,Isabel,Ruiz,1983-12-07,luz-milagros90@example.org,+54 9 3170 3843,Tucumán,Av. Alvear N° 31
1090,29678947,Reclamo Administrativo,Aprobado,2025-11-13,2025-11-15,15946.8,Tucumán,546,29678947,Bianca,Benitez,1984-02-28,julieta13@example.net,+54 9 3666 7548,Mendoza,Camino Corrientes N° 7492
1091,31795578,Reclamo Administrativo,En revisión,2024-06-14,,19449.56,Córdoba,182,31795578,Renata,Quiroga,1990-06-04,valentina-jazmin85@example.net,+54 15 2333 9452,Tucumán,Diagonal La Pampa N° 958
1092,42217569,Cambio De Domicilio,Aprobado,2023-11-12,2024-11-01,13343.91,Salta,91,42217569,Emilia,Vera,1960-11-28,vferreyra@example.com,+54 15 2238 4842,Misiones,Av. Entre Ríos N° 94
1093,41657472,Baja De Comercio,Rechazado,2025-08-25,2025-10-17,41389.48,Santa Fe,86,41657472,Candelaria,Ruiz,1993-08-27,lautaro-benjamin52@example.org,+54 9 3880 0025,Chaco,Calle Salta N° 63
1094,23758921,Reclamo Administrativo,Rechazado,2023-08-08,2023-09-08,47658.83,Tucumán,404,23758921,Sofía,Leiva,1946-05-20,juan-martinmoyano@example.org,+54 15 2911 6691,Buenos Aires,  Camino Saavedra N° 9494  
1095,29347198,Reclamo Administrativo,Observado,2025-06-06,2025-02-08,23928.6,Santa Fe,79,29347198,Francisco,Velazquez,1993-12-06,,+54 9 3578 2911,Tucumán,Diagonal Chilecito N° 263
1096,25379194,Inscripción Registral,Iniciado,2023-07-26,,20932.66,Misiones,593,25379194,Julieta,Gomez,1974-07-26,vargasjuan-pablo@example.org,+54 9 3753 3342,Salta,Avenida 150 A N° 82
1097,34720963,Baja De Comercio,Observado,2025-08-10,2025-12-20,43272.67,Tucumán,311,34720963,Valentino,Coronel,1987-01-26,rodriguezmorena@example.com,+54 9 3779 4738,Chaco,Camino Rawson N° 3715
1098,41140039,Reclamo Administrativo,Aprobado,2024-10-24,2024-12-17,4800.59,Salta,55,41140039,Sebastian,Sanchez,1958-06-10,thiago27@example.org,,Santa Fe,Blv. 9 N° 761
1099,29946673,Baja De Comercio,Observado,2023-11-20,2024-05-01,40150.98,Córdoba,259,29946673,Valentin,Gonzalez,1973-08-17,benjamin43@example.com,+54 15 2234 4857,Mendoza,Calle Bahía Blanca N° 99
1100,41405867,Certificado De Residencia,Iniciado,2023-03-08,,26794.22,Buenos Aires,127,41405867,Thiago,Rodriguez,1993-08-19,ruizlautaro-ezequiel@example.net,+54 9 3877 5901,Santa Fe,Diagonal Catamarca N° 7643
1101,29631618,Solicitud De Subsidio,En revisión,2025-08-26,,0.0,Salta,440,29631618,Mateo,Cardozo,1963-01-09,rruiz@example.org,+54 15 2902 9390,Chaco,Diagonal Mendoza N° 553
1102,25127073,Reclamo Administrativo,Iniciado,2024-07-27,,0.0,Córdoba,550,25127073,Luana,Farias,1958-09-23,mia-morenanunez@example.com,+54 15 2366 0138,Mendoza,Calle  Neuquén N° 49
1103,29495860,Solicitud De Subsidio,En revisión,2024-06-07,,4571.96,Mendoza,45,29495860,Mateo,Rodriguez,1999-03-14,,,Tucumán,  Av. 6 N° 5486  
1104,23576476,Renovación De Licencia,Iniciado,2023-09-29,,707.47,Chaco,31,23576476,Pilar,Sosa,1954-06-26,emiliano48@example.org,+54 15 2813 6783,Misiones,Av. Ciudad Autónoma de Buenos Aires N° 47
1105,44159591,Reclamo Administrativo,Iniciado,2024-02-16,,0.0,Mendoza,146,44159591,Alma Valentina,Herrera,1961-09-19,martingomez@example.net,+54 15 2648 0396,Chaco,Blv. Saavedra N° 66
1106,24115029,Renovación De Licencia,Observado,2025-02-06,2025-05-04,0.0,Tucumán,108,24115029,Nicolas,Gonzalez,1974-10-04,mateo-benjamin40@example.net,+54 9 3421 1823,Misiones,Avenida La Rioja N° 266
1107,43878690,Alta De Comercio,Iniciado,2025-07-22,,2756.57,Salta,487,43878690,Santino,Rodriguez,1953-10-18,diazisabella@example.org,+54 9 3731 8143,Misiones,Calle Merlo N° 4437
1108,36475471,Renovación De Licencia,Aprobado,2023-11-23,2024-02-19,42347.35,Misiones,160,36475471,Josefina,Gimenez,1945-11-07,lopezthiago-lionel@example.org,+54 15 2530 7053,Sin dato,Av. San Salvador de Jujuy N° 114
1109,35352660,Alta De Comercio,Aprobado,2023-12-08,2023-08-14,11561.12,Córdoba,337,35352660,Faustino,Ferreyra,2005-01-15,abigail92@example.org,+54 15 2745 0189,Buenos Aires,Avenida 4 N° 1641
1110,44664438,Certificado De Residencia,Rechazado,2023-11-21,2023-12-13,39079.79,Buenos Aires,24,44664438,Giuliana,Garcia,1992-05-24,rmorales@example.com,+54 15 2243 4558,Entre Ríos,Avenida 3 N° 717
1111,37586469,Alta De Comercio,Rechazado,2023-02-01,2023-02-16,39070.26,Santa Fe,233,37586469,Benjamin,Gonzalez,1956-05-23,gutierrezpriscila@example.com,+54 15 2943 3504,Sin dato,Av. San Luis N° 18
1112,36045122,Reclamo Administrativo,En revisión,2024-06-12,,0.0,Mendoza,133,36045122,Valentino,Guzman,1977-12-02,manuel27@example.org,+54 15 2191 0430,Neuquén,  Avenida Güemes N° 787  
1113,27935325,Alta De Comercio,Aprobado,2024-06-04,2024-06-05,27577.98,Misiones,497,27935325,Maia,Silva,2062-11-11,,+54 15 2578 7010,Buenos Aires,Diagonal G. Brown N° 846
1114,41956117,Renovación De Licencia,Aprobado,2024-08-02,2024-08-04,0.0,Santa Fe,376,41956117,Ciro,Lopez,1968-10-15,aguirrealma-jazmin@example.net,,Buenos Aires,   Avenida J.B. Alberdi N° 16  
1115,30168836,Reclamo Administrativo,Rechazado,2025-04-29,2025-05-23,27798.56,Tucumán,219,30168836,Martina,Dominguez,1998-07-06,santino-ezequiel78@example.com,+54 9 3728 2997,Entre Ríos,Diagonal Jujuy N° 4728
1116,36757650,Inscripción Registral,Rechazado,2025-12-23,2025-12-26,12672.44,Entre Ríos,408,36757650,Delfina,Arias,1963-01-18,paula75@example.net,+54 9 3755 5535,Neuquén,Calle Formosa N° 8170
1117,44159591,Reclamo Administrativo,Iniciado,2024-04-05,,0.0,Buenos Aires,146,44159591,Alma Valentina,Herrera,1961-09-19,martingomez@example.net,+54 15 2648 0396,Chaco,Blv. Saavedra N° 66
1118,39201794,Baja De Comercio,En revisión,2024-02-23,,35289.41,Neuquén,223,39201794,Ian Benjamin,Martinez,1946-08-16,adiaz@example.com,+54 9 3157 0512,Santa Fe,  Avenida Posadas N° 573  
1119,32912618,Solicitud De Subsidio,En revisión,2023-06-21,,0.0,Córdoba,552,32912618,Francesco,Diaz,1962-12-19,lucerothiago-joaquin@example.com,+54 15 2524 0642,Salta,Avenida  4 N° 3453
1120,26769896,Inscripción Registral,Observado,2024-05-01,2024-11-05,5496.23,Salta,436,26769896,Pedro,Rodriguez,2066-10-20,sanchezthiago-benjamin@example.com,+54 9 3163 5020,Córdoba,Diagonal 4 N° 274
1121,36737866,Solicitud De Subsidio,Aprobado,2023-10-12,2024-02-19,33553.46,Entre Ríos,488,36737866,Martín,Sosa,1956-08-25,abril12@example.net,+54 9 3343 2512,Misiones,  Av. Constitución N° 661  
1122,24643746,Inscripción Registral,Aprobado,2025-10-22,2026-01-01,45648.16,Santa Fe,239,24643746,Santino Agustin,Blanco,1999-01-17,benjamin14@example.com,+54 9 3905 3833,Chaco,Avenida Río Negro N° 127
1123,43388450,Alta De Comercio,Observado,2024-05-14,2024-07-28,27814.57,Córdoba,503,43388450,Bautista,Gonzalez,1989-02-15,catalinagomez@example.net,+54 9 3753 3126,Mendoza,Calle Güemes N° 28
1124,39853054,Certificado De Residencia,Observado,2023-08-05,2023-08-15,12093.41,Neuquén,141,39853054,Victoria,Rodriguez,1950-04-06,fernandezmateo@example.com,+54 9 3561 8537,Tucumán,Camino Mar del Plata N° 51
1125,43265424,Baja De Comercio,Observado,2024-10-26,2024-08-11,8458.42,Buenos Aires,510,43265424,Valentino,Benitez,2001-02-12,lautaro56@example.org,,Buenos Aires,Blv.  Ciudad Autónoma de Buenos Aires N° 2310
1126,34129849,Solicitud De Subsidio,Aprobado,2023-08-11,2023-12-16,7496.65,Chaco,158,34129849,Olivia,Suarez,1980-01-30,lopezlola@example.net,+54 9 3506 5307,Buenos Aires,Calle Pte. Perón N° 8424
1127,34594181,Certificado De Residencia,Iniciado,2024-04-10,,0.0,Chaco,105,34594181,Benicio,Cruz,1969-08-23,ucoronel@example.org,+54 9 3156 0932,Neuquén,Boulevard Neuquén N° 344
1128,41543250,Cambio De Domicilio,En revisión,2023-12-20,,16243.48,Misiones,545,41543250,Salvador,Vazquez,1959-09-23,nahiara97@example.org,+54 15 2303 3192,Buenos Aires,Camino 6 N° 13
1129,37039896,Solicitud De Subsidio,En revisión,2023-01-19,,25411.12,Chaco,17,37039896,Vicente,Sosa,1976-06-30,vvaldez@example.org,,Córdoba,Camino Malvinas Argentinas N° 32
1130,42852436,Inscripción Registral,Rechazado,2023-02-27,2023-06-03,49072.63,Santa Fe,186,42852436,Pedro,Castro,2045-02-13,benjamin72@example.org,+54 15 2959 0947,Buenos Aires,Diagonal Paraná N° 922
1131,31178476,Certificado De Residencia,Observado,2023-12-24,2024-01-02,7237.28,Salta,569,31178476,Julian,Ortiz,1965-12-13,cardozoemilia@example.net,+54 9 3236 8269,Tucumán,Avenida 2 N° 327
1132,26699974,Cambio De Domicilio,En revisión,2024-06-06,,36468.14,Salta,212,26699974,Camila,Cardozo,2044-12-26,isuarez@example.org,+54 9 3662 7187,Tucumán,Calle Corrientes N° 661
1133,36737866,Cambio De Domicilio,Rechazado,2023-05-06,2023-09-02,20618.63,Buenos Aires,488,36737866,Martín,Sosa,1956-08-25,abril12@example.net,+54 9 3343 2512,Misiones,  Av. Constitución N° 661  
1134,25564786,Cambio De Domicilio,Observado,2025-06-29,2025-04-09,39118.52,Tucumán,270,25564786,Mora,Barrios,1974-07-09,,+54 9 3565 4420,Mendoza,Av.  Buenos Aires N° 391
1135,37096865,Baja De Comercio,Aprobado,2024-02-15,2024-02-19,37239.08,Entre Ríos,7,37096865,Ian Ezequiel,Aguero,2057-05-30,felipecoronel@example.net,+54 15 2595 7015,Neuquén,Avenida 2 N° 82
1136,29174617,Renovación De Licencia,Rechazado,2023-01-28,2023-03-24,0.0,Chaco,56,29174617,Francisca,Acuña,1966-02-07,martinjuan-martin@example.com,+54 15 2298 3273,Salta,Av. Bahía Blanca N° 7993
1137,30457804,Inscripción Registral,Observado,2024-04-20,2024-06-19,42601.65,Buenos Aires,513,30457804,Juan Ignacio,Muñoz,1993-02-22,bravogenaro@example.net,+54 9 3710 7044,Misiones,Blv.  La Plata N° 789
1138,37796074,Certificado De Residencia,Observado,2023-12-21,2024-01-24,0.0,Buenos Aires,248,37796074,Catalina,Gimenez,1948-09-30,francescasanchez@example.org,+54 15 2679 3714,Neuquén,Boulevard Córdoba N° 212
1139,38900916,Baja De Comercio,En revisión,2023-07-14,,0.0,Chaco,181,38900916,Santiago Nicolas,Mansilla,2070-11-17,helenalopez@example.org,,Córdoba,  Boulevard 146 A N° 3437  
1140,40478333,Certificado De Residencia,Rechazado,2024-02-11,2024-12-27,0.0,Neuquén,380,40478333,Mateo,Alvarez,2000-01-16,guillermina72@example.com,,Córdoba,Diagonal Santa Fe N° 44
1141,28702406,Cambio De Domicilio,Aprobado,2025-12-04,2025-04-27,47029.85,Neuquén,557,28702406,Antonella,Caceres,1939-07-21,sanchezbautista-benjamin@example.com,+54 9 3362 7023,Neuquén,Calle Comodoro Rivadavia N° 4631
1142,41439587,Baja De Comercio,En revisión,2024-12-05,,44975.19,Neuquén,9,41439587,Salvador,Martinez,1951-09-13,vegaisabella@example.org,+54 15 2451 8347,Tucumán,Diagonal San Luis N° 837
1143,35663311,Baja De Comercio,Iniciado,2023-12-21,,0.0,Salta,563,35663311,Guadalupe,Paez,1985-09-24,pedro40@example.net,+54 9 3624 5607,Buenos Aires,Calle Bahía Blanca N° 970
1144,43431337,Certificado De Residencia,Iniciado,2025-04-08,,46118.76,Córdoba,560,43431337,Lorenzo,Romero,1983-05-16,tfernandez@example.com,+54 9 3904 6226,Chaco,Av.  Belgrano N° 711
1145,26548138,Inscripción Registral,En revisión,2023-02-13,,0.0,Santa Fe,410,26548138,Faustino,Ponce,1985-11-02,sofiaruiz@example.net,+54 15 2456 7164,Neuquén,  Camino San Luis N° 3880  
1146,23601212,Reclamo Administrativo,Rechazado,2024-07-14,2024-07-08,0.0,Chaco,424,23601212,Samuel,Benitez,1937-07-07,bautistagomez@example.org,,Santa Fe,Avenida San Martin N° 47
1147,29212279,Renovación De Licencia,En revisión,2025-03-02,,37200.93,Entre Ríos,444,29212279,Josefina,Cruz,1995-04-21,bautistarodriguez@example.org,+54 9 3261 8209,Mendoza,Calle Rosario N° 13
1148,34633895,Inscripción Registral,Iniciado,2025-02-20,,0.0,Chaco,267,34633895,Lorenzo,Diaz,1948-04-13,santiagoalvarez@example.com,,Neuquén,Camino 7 N° 3271
1149,36080448,Alta De Comercio,Rechazado,2024-06-27,2024-07-21,11499.33,Tucumán,162,36080448,Agustina,Guzman,2006-03-24,herreravalentino@example.org,+54 15 2734 9446,Entre Ríos,Av. Rivadavia N° 728
1150,21313426,Reclamo Administrativo,Rechazado,2025-12-10,2025-10-20,41291.11,Santa Fe,577,21313426,Luz  Milagros,Peralta,1946-11-25,felipegarcia@example.com,+54 9 3130 3942,Misiones,Diagonal Merlo N° 8836
1151,32248167,Certificado De Residencia,Aprobado,2023-03-06,2023-07-19,0.0,Misiones,567,32248167,Delfina,Gonzalez,1959-04-28,cabreraian-benjamin@example.net,+54 9 3896 9586,Chaco,Calle G. Brown N° 387
1152,43508798,Inscripción Registral,Aprobado,2023-04-22,2023-04-23,0.0,Córdoba,446,43508798,Juan Ignacio,Paz,2043-02-17,santino62@example.org,+54 15 2503 6625,Tucumán,Camino 7 N° 813
1153,42233736,Baja De Comercio,En revisión,2023-06-28,,45253.86,Tucumán,579,42233736,Benicio,Medina,2002-03-04,mansillajuan-gabriel@example.net,+54 15 2935 0615,Neuquén,Av. 9 N° 1881
1154,22953456,Cambio De Domicilio,Observado,2025-02-20,2025-02-25,0.0,Santa Fe,244,22953456,Bautista,Rojas,1988-02-23,josefinalucero@example.net,+54 15 2356 6474,Neuquén,Calle Saavedra N° 54
1155,37096865,Renovación De Licencia,En revisión,2023-11-04,,45340.48,Entre Ríos,7,37096865,Ian Ezequiel,Aguero,2057-05-30,felipecoronel@example.net,+54 15 2595 7015,Neuquén,Avenida 2 N° 82
1156,23303203,Cambio De Domicilio,Iniciado,2024-01-30,,16763.76,Buenos Aires,61,23303203,Catalina,Farias,1953-05-21,zpereyra@example.com,+54 9 3935 2181,Mendoza,Boulevard La Rioja N° 422
1157,20138372,Solicitud De Subsidio,Rechazado,2024-01-27,2024-11-04,0.0,Mendoza,232,20138372,Lola,Romero,1947-04-03,umaidana@example.net,+54 9 3956 6593,Tucumán,Diagonal 5 N° 877
1158,23758921,Baja De Comercio,En revisión,2023-03-30,,17667.57,Misiones,404,23758921,Sofía,Leiva,1946-05-20,juan-martinmoyano@example.org,+54 15 2911 6691,Buenos Aires,  Camino Saavedra N° 9494  
1159,36128405,Solicitud De Subsidio,Iniciado,2024-12-01,,0.0,Entre Ríos,237,36128405,Juan Bautista,Ramos,1945-02-21,jazmindiaz@example.com,+54 15 2589 8331,Córdoba,  Avenida Omar Nuñez N° 717  
1160,22892911,Baja De Comercio,Rechazado,2023-03-18,2023-04-28,12514.98,Mendoza,110,22892911,Kiara,Ayala,1952-05-25,eperez@example.net,+54 9 3489 0250,Córdoba,Diagonal Tierra del Fuego N° 3144
1161,42325123,Solicitud De Subsidio,Rechazado,2024-03-14,2024-05-12,19504.57,Tucumán,78,42325123,Sofia,Fernandez,1941-11-01,tiziano-valentinacosta@example.org,+54 9 3351 8844,Córdoba,Boulevard Santa Fe N° 69
1162,23077396,Inscripción Registral,Observado,2023-10-03,2023-06-04,0.0,Mendoza,96,23077396,Julieta,Ramirez,1972-04-23,helena45@example.net,,Sin dato,Av. Chilecito N° 2393
1163,32348674,Baja De Comercio,Rechazado,2024-03-31,2024-05-18,16265.85,Misiones,103,32348674,Lautaro Benjamin,Fernandez,2053-09-05,ignaciorodriguez@example.com,+54 9 3118 3046,Tucumán,Calle  Malvinas Argentinas N° 488
1164,34834600,Renovación De Licencia,Aprobado,2025-05-14,2025-03-07,0.0,Buenos Aires,409,34834600,Lisandro,Paez,1945-10-05,aguerovictoria@example.net,+54 15 2457 9786,Chaco,Diagonal 6 N° 61
1165,43715828,Solicitud De Subsidio,Observado,2025-01-30,2025-02-20,0.0,Córdoba,585,43715828,Elena,Cabrera,2047-04-02,yferreyra@example.com,+54 9 3534 7452,Mendoza,Avenida Merlo N° 774
1166,27348572,Inscripción Registral,Aprobado,2024-08-23,2024-11-20,13909.84,Santa Fe,65,27348572,Francesco,Moreno,1940-06-08,castrofrancesca@example.com,+54 15 2751 9254,Neuquén,  Diagonal 2 N° 636  
1167,32348674,Renovación De Licencia,Observado,2023-08-04,2023-06-29,0.0,Neuquén,103,32348674,Lautaro Benjamin,Fernandez,2053-09-05,ignaciorodriguez@example.com,+54 9 3118 3046,Tucumán,Calle  Malvinas Argentinas N° 488
1168,29154893,Baja De Comercio,Aprobado,2023-08-15,2023-12-11,0.0,Entre Ríos,130,29154893,Juliana,Maldonado,2007-06-10,eledesma@example.org,+54 15 2561 1155,Mendoza,Diagonal 3 N° 229
1169,32127051,Renovación De Licencia,Iniciado,2023-06-24,,24885.59,Salta,553,32127051,Thiago Benjamin,Benitez,1942-05-16,,+54 15 2409 6289,Salta,Av. 143 Bis N° 958
1170,31340008,Cambio De Domicilio,En revisión,2025-04-15,,18037.36,Neuquén,589,31340008,Thiago Nahuel,Rodriguez,1992-12-30,maximiliano57@example.net,+54 15 2625 7375,Misiones,  Blv. 5 N° 320  
1171,39803169,Reclamo Administrativo,En revisión,2025-08-09,,44229.31,Misiones,59,39803169,Juan Ignacio,Flores,1956-04-20,,+54 15 2469 0034,Tucumán,Diagonal Güemes N° 870
1172,36835225,Inscripción Registral,Observado,2023-06-09,2023-11-13,0.0,Misiones,368,36835225,Dylan Benjamin,Godoy,1943-09-22,franco72@example.net,+54 15 2399 9219,Córdoba,Calle Omar Nuñez N° 935
1173,36838854,Inscripción Registral,Rechazado,2023-03-03,2023-04-05,0.0,Neuquén,273,36838854,Malena,Herrera,1970-05-24,oliviavega@example.com,+54 9 3728 6047,Mendoza,Blv. Santiago del Estero N° 6178
1174,43583518,Baja De Comercio,En revisión,2025-01-18,,0.0,Santa Fe,402,43583518,Lucas,Suarez,1959-12-14,mdiaz@example.org,+54 15 2685 7666,Córdoba,Avenida Neuquén N° 12
1175,23836038,Solicitud De Subsidio,Rechazado,2023-01-27,2023-02-18,9840.8,Santa Fe,362,23836038,Nahiara Jazmin,Mendoza,1939-05-31,gonzalonunez@example.com,+54 9 3714 0578,Salta,Calle  4 N° 9024
1176,23666460,Baja De Comercio,Iniciado,2024-04-12,,0.0,Neuquén,14,23666460,Bautista,Diaz,1954-12-26,justina35@example.com,+54 15 2978 4980,Misiones,Diagonal Ushuaia N° 22
1177,37720478,Renovación De Licencia,En revisión,2025-02-02,,8926.93,Buenos Aires,588,37720478,Santino,Fernandez,1990-05-13,maria-belen62@example.org,+54 9 3693 8173,Salta,Diagonal Formosa N° 143
1178,20762870,Renovación De Licencia,Rechazado,2024-08-06,2024-07-30,9663.02,Tucumán,138,20762870,Benjamin Alejandro,Rodriguez,1969-07-30,thiago-nahuel45@example.org,+54 9 3405 3494,Sin dato,Av. Chilecito N° 4338
1179,38058086,Alta De Comercio,Iniciado,2023-02-16,,0.0,Mendoza,41,38058086,Renata,Suarez,1970-02-05,ymolina@example.org,+54 15 2114 6584,Chaco,Avenida Neuquén N° 378
1180,32912618,Certificado De Residencia,Observado,2025-04-10,2025-03-05,0.0,Buenos Aires,552,32912618,Francesco,Diaz,1962-12-19,lucerothiago-joaquin@example.com,+54 15 2524 0642,Salta,Avenida  4 N° 3453
1181,35637097,Baja De Comercio,Iniciado,2025-06-11,,33124.25,Tucumán,430,35637097,Emilia,Suarez,1954-12-14,poncefranco@example.org,,Salta,  Av. 5 N° 630  
1182,26548138,Reclamo Administrativo,Iniciado,2025-11-11,,48793.01,Salta,410,26548138,Faustino,Ponce,1985-11-02,sofiaruiz@example.net,+54 15 2456 7164,Neuquén,  Camino San Luis N° 3880  
1183,31862764,Inscripción Registral,En revisión,2023-05-31,,0.0,Santa Fe,289,31862764,Ciro,Coronel,1951-04-09,juan-martin92@example.net,+54 15 2816 8739,Mendoza,Avenida Alvear N° 463
1184,30857838,Baja De Comercio,Aprobado,2023-12-16,2024-09-02,49160.42,Salta,205,30857838,Lautaro Ezequiel,Acosta,1986-04-09,santinogimenez@example.com,+54 15 2726 0127,Salta,Avenida 6 N° 17
1185,33530961,Solicitud De Subsidio,Iniciado,2024-02-29,,0.0,Mendoza,118,33530961,Nahiara,Romero,1993-01-10,gonzalezvalentina@example.net,+54 15 2375 6798,Tucumán,Calle Bahía Blanca N° 231
1186,21406130,Alta De Comercio,Rechazado,2024-11-25,2025-09-01,23464.14,Salta,102,21406130,Lautaro Benjamin,Gonzalez,1960-07-10,ucaceres@example.net,+54 9 3862 4628,Buenos Aires,Avenida 3 N° 7078
1187,35507767,Renovación De Licencia,Aprobado,2024-09-03,2024-10-05,0.0,Buenos Aires,536,35507767,Santino,Ruiz,1971-09-01,emiliagonzalez@example.net,,Córdoba,  Calle J.J. Castelli N° 161  
1188,42470129,Alta De Comercio,Rechazado,2024-07-12,2024-07-21,41876.73,Neuquén,285,42470129,Felipe,Perez,1968-03-07,maria-luzcabrera@example.org,+54 15 2179 1456,Mendoza,Calle Salta N° 9995
1189,42233736,Renovación De Licencia,En revisión,2023-11-14,,28237.91,Tucumán,579,42233736,Benicio,Medina,2002-03-04,mansillajuan-gabriel@example.net,+54 15 2935 0615,Neuquén,Av. 9 N° 1881
1190,42656939,Baja De Comercio,Iniciado,2023-01-26,,17594.85,Mendoza,274,42656939,Tomas,Ferreyra,1955-11-07,thiago-benjamin14@example.net,+54 9 3373 9385,Neuquén,Calle Constitución N° 2096
1191,37015716,Baja De Comercio,Rechazado,2025-02-21,2025-06-05,37395.19,Santa Fe,514,37015716,Benjamin,Alvarez,2068-01-15,sofialopez@example.com,+54 15 2640 8509,Neuquén,Boulevard Malvinas Argentinas N° 6370
1192,44756404,Baja De Comercio,Observado,2024-03-30,2024-11-06,0.0,Buenos Aires,429,44756404,Priscila,Dominguez,2002-10-27,cabreraciro-benjamin@example.net,+54 15 2121 5285,Córdoba,Avenida Formosa N° 9523
1193,41045356,Inscripción Registral,Aprobado,2023-03-16,2023-04-15,9131.86,Tucumán,350,41045356,Felipe,Navarro,1966-05-30,valentinoflores@example.com,,Neuquén,Calle G. Brown N° 712
1194,42966805,Renovación De Licencia,Aprobado,2023-08-08,2023-10-23,13461.59,Tucumán,241,42966805,Maria Belen,Gomez,1958-08-27,,+54 15 2703 8457,Misiones,Calle Alem N° 494
1195,43748286,Solicitud De Subsidio,Rechazado,2023-09-02,2023-02-22,3035.85,Córdoba,501,43748286,Tiziano,Gonzalez,1957-09-22,,+54 9 3974 0258,Buenos Aires,   Boulevard 9 N° 331  
1196,25725535,Inscripción Registral,Rechazado,2023-09-09,2023-02-12,0.0,Salta,556,25725535,Agostina,Garcia,2006-06-29,paulinamendoza@example.net,+54 15 2166 4969,Mendoza,Calle 5 N° 3833
1197,34151240,Alta De Comercio,Rechazado,2024-06-22,2024-09-01,26213.63,Neuquén,240,34151240,Maria Victoria,Dominguez,2038-10-19,isabelladiaz@example.net,+54 9 3607 0164,Santa Fe,Calle Pte. Perón N° 7693
1198,43715828,Baja De Comercio,Iniciado,2024-01-18,,0.0,Córdoba,585,43715828,Elena,Cabrera,2047-04-02,yferreyra@example.com,+54 9 3534 7452,Mendoza,Avenida Merlo N° 774
1199,22382132,Reclamo Administrativo,Observado,2023-03-30,2023-09-05,18485.38,Salta,12,22382132,Antonella,Suarez,2049-06-27,leonsilva@example.net,+54 15 2950 0978,Neuquén,Blv. 2 N° 2149
1200,36295441,Certificado De Residencia,Aprobado,2025-08-23,2025-08-28,10958.06,Chaco,35,36295441,Octavio,Alvarez,2001-12-12,candela64@example.net,+54 15 2391 3341,Salta,Av.  3 N° 88
1201,34079232,Certificado De Residencia,Iniciado,2024-11-07,,0.0,Salta,217,34079232,Paloma,Juarez,1964-06-29,xvargas@example.net,+54 9 3562 2023,Entre Ríos,Diagonal Belgrano N° 72
1202,43878690,Renovación De Licencia,Observado,2025-06-26,2025-09-17,11292.48,Neuquén,487,43878690,Santino,Rodriguez,1953-10-18,diazisabella@example.org,+54 9 3731 8143,Misiones,Calle Merlo N° 4437
1203,29977515,Reclamo Administrativo,Rechazado,2024-10-03,2024-10-05,34970.59,Misiones,48,29977515,Thiago  Lionel,Torres,1972-03-04,ludmila47@example.com,,Mendoza,   Diagonal Constitución N° 861  
1204,37846241,Inscripción Registral,Rechazado,2023-06-16,2023-06-20,0.0,Córdoba,494,37846241,Emiliano,Caceres,1972-09-04,benjamin-alejandrovera@example.org,,Buenos Aires,Avenida  Alem N° 762
1205,35591284,Alta De Comercio,Iniciado,2023-09-01,,1972.11,Santa Fe,467,35591284,Lorenzo,Garcia,1983-11-10,sgodoy@example.net,+54 15 2211 1096,Buenos Aires,Diagonal San Juan N° 89
1206,29651317,Renovación De Licencia,Iniciado,2024-11-18,,47203.52,Santa Fe,63,29651317,Bianca,Sanchez,1968-12-08,torresemilia@example.net,+54 15 2999 8679,Salta,  Diagonal San Martin N° 469  
1207,35169289,Baja De Comercio,Observado,2024-11-12,2024-11-23,21224.64,Mendoza,522,35169289,Helena,Acosta,2005-07-13,wsosa@example.net,,Córdoba,Diag. Chubut N° 3356
1208,24643746,Reclamo Administrativo,Rechazado,2023-10-18,2023-10-30,0.0,Buenos Aires,239,24643746,Santino Agustin,Blanco,1999-01-17,benjamin14@example.com,+54 9 3905 3833,Chaco,Avenida Río Negro N° 127
1209,26699974,Cambio De Domicilio,Observado,2024-02-14,2024-04-23,15473.1,Neuquén,212,26699974,Camila,Cardozo,2044-12-26,isuarez@example.org,+54 9 3662 7187,Tucumán,Calle Corrientes N° 661
1210,42259631,Certificado De Residencia,Iniciado,2024-01-03,,0.0,Entre Ríos,20,42259631,Lorenzo,Duarte,2002-04-11,antonella14@example.net,+54 9 3465 6482,Tucumán,Boulevard San Juan N° 527
1211,32912618,Baja De Comercio,Rechazado,2025-03-07,2025-07-28,0.0,Buenos Aires,552,32912618,Francesco,Diaz,1962-12-19,lucerothiago-joaquin@example.com,+54 15 2524 0642,Salta,Avenida  4 N° 3453
1212,21882904,Reclamo Administrativo,Iniciado,2025-04-05,,19625.05,Tucumán,151,21882904,Justina,Sosa,1963-01-10,kcaceres@example.net,+54 15 2627 1040,Mendoza,Calle Paraná N° 73
1213,42807362,Alta De Comercio,Iniciado,2023-08-10,,44182.98,Santa Fe,228,42807362,Tomàs,Maldonado,1975-01-03,ogonzalez@example.net,+54 9 3620 9593,Córdoba,Diagonal San Juan N° 8398
1214,29882378,Certificado De Residencia,Iniciado,2023-08-03,,24059.72,Santa Fe,524,29882378,Zoe  Jazmin,Gonzalez,1947-10-24,fernandezmateo-ezequiel@example.com,+54 9 3252 6834,Tucumán,Diag. Paraná N° 291
1215,39398947,Cambio De Domicilio,Aprobado,2025-09-10,2025-09-16,22985.95,Misiones,423,39398947,Bautista,Perez,1963-06-30,camilarodriguez@example.com,+54 9 3628 3143,Chaco,Diagonal Salta N° 366
1216,32047355,Solicitud De Subsidio,Observado,2024-05-03,2024-04-28,0.0,Santa Fe,170,32047355,Delfina,Gonzalez,2072-06-18,torresjeremias@example.org,,Buenos Aires,Calle  Tierra del Fuego N° 87
1217,39256174,Inscripción Registral,Observado,2024-12-13,2025-08-03,4896.46,Buenos Aires,529,39256174,Morena,Rodriguez,2045-12-08,maria-paz15@example.org,+54 15 2815 2854,Santa Fe,Av.  Catamarca N° 157
1218,43085156,Alta De Comercio,Observado,2024-09-05,2024-05-08,0.0,Buenos Aires,434,43085156,Candelaria,Ponce,2067-01-05,emilia16@example.org,+54 15 2482 3414,Sin dato,Av.  Río Negro N° 913
1219,36891973,Cambio De Domicilio,En revisión,2024-02-05,,3312.52,Santa Fe,544,36891973,Agustín,Soria,1955-02-09,tnunez@example.com,,Entre Ríos,Avenida 3 N° 391
1220,38581904,Solicitud De Subsidio,En revisión,2025-11-25,,11307.93,Salta,432,38581904,Ambar,Benitez,2045-01-11,tgonzalez@example.org,+54 15 2634 0266,Tucumán,   Calle Rivadavia N° 7481  
1221,42619728,Certificado De Residencia,Aprobado,2025-01-05,2025-02-17,1042.13,Santa Fe,189,42619728,Julia,Morales,2051-05-01,santino-ezequielflores@example.org,+54 15 2686 1207,Buenos Aires,Calle 3 N° 4851
1222,31472691,Inscripción Registral,En revisión,2025-04-23,,30035.2,Santa Fe,306,31472691,Thiago,Suarez,1960-06-20,santinofernandez@example.org,+54 15 2789 8881,Santa Fe,Calle  Rosario N° 18
1223,40825715,Solicitud De Subsidio,Rechazado,2023-08-13,2023-09-29,12871.32,Chaco,229,40825715,Felipe,Garcia,1965-07-17,santino81@example.org,+54 15 2220 3173,Salta,Diagonal 7 N° 581
1224,41455603,Solicitud De Subsidio,En revisión,2023-04-05,,16253.13,Tucumán,1,41455603,Luca,Gonzalez,1955-09-14,valentinogomez@example.net,,Córdoba,Calle  Corrientes N° 784
1225,31099514,Solicitud De Subsidio,Aprobado,2024-02-29,2024-04-15,0.0,Buenos Aires,44,31099514,Martina,Rodriguez,1981-09-13,mateo-joaquin16@example.org,+54 15 2172 4005,Tucumán,Avenida San Ferando del Valle de Catamarca N° 73
1226,40434437,Alta De Comercio,Rechazado,2023-04-27,2023-07-26,12814.1,Salta,249,40434437,Lucia,Godoy,2041-07-11,gojeda@example.net,+54 15 2368 6025,Misiones,Calle 1 N° 854
1227,20631038,Baja De Comercio,En revisión,2025-10-18,,2402.8,Chaco,421,20631038,Juan Ignacio,Fernandez,1950-09-05,,+54 15 2718 4582,Córdoba,Diagonal 140 A N° 9884
1228,29343487,Baja De Comercio,Rechazado,2023-08-14,2023-09-20,48405.64,Santa Fe,542,29343487,Jeronimo,Muñoz,1999-11-19,maximo95@example.net,+54 15 2924 8395,Neuquén,Av. Corrientes N° 9282
1229,20524985,Baja De Comercio,Iniciado,2025-11-04,,8706.39,Neuquén,139,20524985,Benjamin,Ramirez,1952-08-19,juan-manuel05@example.org,,Chaco,Blv. Saavedra N° 114
1230,20383719,Alta De Comercio,Iniciado,2025-03-16,,9257.58,Salta,132,20383719,Valentina,Juarez,1988-09-04,fausto04@example.org,+54 15 2264 0376,Tucumán,Diagonal 2 N° 606
1231,31795578,Cambio De Domicilio,Observado,2023-11-23,2024-02-16,43325.49,Misiones,182,31795578,Renata,Quiroga,1990-06-04,valentina-jazmin85@example.net,+54 15 2333 9452,Tucumán,Diagonal La Pampa N° 958
1232,42713929,Inscripción Registral,Rechazado,2025-01-25,2025-03-24,0.0,Santa Fe,476,42713929,Joaquin,Castillo,2000-05-26,luisina19@example.net,+54 9 3523 7676,Mendoza,Diagonal Mitre N° 663
1233,36569018,Cambio De Domicilio,Observado,2023-08-23,2023-09-25,30354.57,Neuquén,51,36569018,Isabella,Perez,2006-04-22,ngomez@example.net,+54 15 2205 3293,Neuquén,  Av. Mitre N° 46  
1234,42855046,Reclamo Administrativo,En revisión,2024-10-11,,0.0,Tucumán,87,42855046,Francesca,Rios,1997-02-19,bianca88@example.com,,Chaco,  Diagonal Alvear N° 895  
1235,36569018,Solicitud De Subsidio,Rechazado,2023-11-29,2024-01-20,36688.91,Mendoza,51,36569018,Isabella,Perez,2006-04-22,ngomez@example.net,+54 15 2205 3293,Neuquén,  Av. Mitre N° 46  
1236,23152784,Inscripción Registral,Iniciado,2024-05-22,,7053.57,Misiones,308,23152784,Helena,Vargas,1941-04-19,cnavarro@example.org,+54 15 2508 9071,Mendoza,  Avenida 1 N° 4149  
1237,43508798,Baja De Comercio,Aprobado,2024-12-10,2025-06-03,31243.69,Santa Fe,446,43508798,Juan Ignacio,Paz,2043-02-17,santino62@example.org,+54 15 2503 6625,Tucumán,Camino 7 N° 813
1238,20086075,Renovación De Licencia,Observado,2023-09-09,2023-03-10,30627.24,Neuquén,57,20086075,Martin,Maldonado,1980-01-06,cabreramilagros@example.net,+54 9 3102 4455,Misiones,Calle 7 N° 12
1239,38073022,Inscripción Registral,Observado,2025-01-09,2025-11-20,4716.17,Mendoza,268,38073022,Candela,Escobar,1986-05-22,drios@example.net,+54 9 3787 6532,Neuquén,  Av. Tucumán N° 95  
1240,31541238,Reclamo Administrativo,Rechazado,2025-12-07,2025-09-29,38005.94,Tucumán,3,31541238,Nicolas,Rivero,1980-11-10,dante10@example.net,+54 15 2841 3164,Buenos Aires,Avenida La Rioja N° 234
1241,37096865,Solicitud De Subsidio,Aprobado,2023-08-26,2023-09-27,35685.65,Córdoba,7,37096865,Ian Ezequiel,Aguero,2057-05-30,felipecoronel@example.net,+54 15 2595 7015,Neuquén,Avenida 2 N° 82
1242,39256358,Reclamo Administrativo,Rechazado,2023-01-27,2023-04-22,25061.93,Santa Fe,199,39256358,Felipe,Fernandez,1979-07-29,dominguezrenata@example.com,+54 15 2777 7392,Sin dato,Calle 3 N° 91
1243,43547809,Alta De Comercio,Rechazado,2023-01-14,2023-02-28,34902.98,Neuquén,76,43547809,Bautista,Godoy,2062-02-23,benjamin-alejandrofernandez@example.net,+54 9 3702 1355,Entre Ríos,Calle Saavedra N° 658
1244,24317226,Certificado De Residencia,Iniciado,2025-06-27,,0.0,Santa Fe,119,24317226,Lautaro,Romero,1992-11-16,gsosa@example.com,,Santa Fe,Diagonal Córdoba N° 3398
1245,29140711,Solicitud De Subsidio,Aprobado,2025-07-31,2025-05-09,21846.97,Misiones,301,29140711,Thiago,Torres,2056-05-27,julieta78@example.org,+54 15 2776 7426,Tucumán,Av. 2 N° 58
1246,35961064,Inscripción Registral,En revisión,2023-08-14,,34745.5,Entre Ríos,426,35961064,Mia,Roldan,1970-06-09,thiago-benjamincastillo@example.net,+54 15 2622 6940,Neuquén,Avenida Santa Cruz N° 387
1247,29347198,Renovación De Licencia,Observado,2025-11-02,2025-12-11,34906.29,Santa Fe,79,29347198,Francisco,Velazquez,1993-12-06,,+54 9 3578 2911,Tucumán,Diagonal Chilecito N° 263
1248,32912618,Reclamo Administrativo,Observado,2024-01-03,2024-04-15,0.0,Entre Ríos,552,32912618,Francesco,Diaz,1962-12-19,lucerothiago-joaquin@example.com,+54 15 2524 0642,Salta,Avenida  4 N° 3453
1249,35169289,Alta De Comercio,Iniciado,2023-12-25,,13398.32,Neuquén,522,35169289,Helena,Acosta,2005-07-13,wsosa@example.net,,Córdoba,Diag. Chubut N° 3356
1250,43583518,Alta De Comercio,Aprobado,2025-12-13,2026-01-14,0.0,Tucumán,402,43583518,Lucas,Suarez,1959-12-14,mdiaz@example.org,+54 15 2685 7666,Córdoba,Avenida Neuquén N° 12
1251,22382132,Renovación De Licencia,Observado,2024-10-20,2024-11-21,0.0,Buenos Aires,12,22382132,Antonella,Suarez,2049-06-27,leonsilva@example.net,+54 15 2950 0978,Neuquén,Blv. 2 N° 2149
1252,28866409,Renovación De Licencia,Observado,2023-06-30,2023-08-09,38562.8,Buenos Aires,255,28866409,Julieta,Gimenez,1959-04-10,gomezignacio@example.com,+54 15 2123 5577,Buenos Aires,Av. Santa Fe N° 688
1253,41964596,Reclamo Administrativo,Observado,2024-06-22,2024-09-08,0.0,Salta,245,41964596,Matias,Martinez,2037-12-07,castilloagustin@example.net,+54 9 3352 6772,Chaco,Calle 1 N° 4643
1254,35367468,Inscripción Registral,En revisión,2024-06-09,,14482.99,Neuquén,330,35367468,Thiago Nahuel,Soria,1996-01-06,tgomez@example.org,+54 15 2444 7626,Tucumán,Blv. Jujuy N° 733
1255,26699974,Inscripción Registral,En revisión,2023-09-11,,10404.33,Neuquén,212,26699974,Camila,Cardozo,2044-12-26,isuarez@example.org,+54 9 3662 7187,Tucumán,Calle Corrientes N° 661
1256,41120515,Renovación De Licencia,Aprobado,2025-12-16,2026-01-19,25526.66,Misiones,480,41120515,Emilia,Mansilla,2065-11-01,romerobenjamin@example.com,+54 15 2264 4556,Misiones,Avenida  Santa Cruz N° 58
1257,37713443,Renovación De Licencia,Iniciado,2025-07-27,,27272.14,Tucumán,495,37713443,Luciano Benjamin,Ayala,1979-03-18,tizianoperalta@example.com,,Tucumán,Avenida  San Miguel de Tucumán N° 387
1258,42807362,Reclamo Administrativo,Iniciado,2023-09-30,,5264.3,Misiones,228,42807362,Tomàs,Maldonado,1975-01-03,ogonzalez@example.net,+54 9 3620 9593,Córdoba,Diagonal San Juan N° 8398
1259,39298586,Cambio De Domicilio,Observado,2024-11-05,2024-11-12,29902.98,Tucumán,347,39298586,Julieta,Diaz,1939-01-22,sosathiago-benjamin@example.net,+54 15 2228 0156,Buenos Aires,Calle Entre Ríos N° 615
1260,36025978,Cambio De Domicilio,En revisión,2025-08-26,,24064.42,Entre Ríos,466,36025978,Alfonsina,Gimenez,1998-12-21,dmoreno@example.com,+54 9 3255 8685,Buenos Aires,Av. G. Brown N° 39
1261,39290668,Renovación De Licencia,Aprobado,2025-07-22,2025-09-22,0.0,Salta,286,39290668,Delfina,Vazquez,1983-10-04,isabella12@example.net,+54 9 3572 2005,Misiones,Avenida 8 N° 19
1262,43547809,Solicitud De Subsidio,Observado,2024-09-11,2025-01-22,0.0,Salta,76,43547809,Bautista,Godoy,2062-02-23,benjamin-alejandrofernandez@example.net,+54 9 3702 1355,Entre Ríos,Calle Saavedra N° 658
1263,36999031,Renovación De Licencia,En revisión,2025-07-27,,0.0,Salta,185,36999031,Maria Emilia,Diaz,1999-01-20,orivero@example.net,+54 9 3898 9334,Entre Ríos,Diagonal 3 N° 7811
1264,43547809,Certificado De Residencia,Observado,2025-11-02,2025-11-12,45389.05,Buenos Aires,76,43547809,Bautista,Godoy,2062-02-23,benjamin-alejandrofernandez@example.net,+54 9 3702 1355,Entre Ríos,Calle Saavedra N° 658
1265,37346622,Reclamo Administrativo,Iniciado,2025-10-15,,0.0,Buenos Aires,339,37346622,Matilda,Correa,1980-09-06,fmorales@example.org,+54 9 3273 2788,Buenos Aires,Av. San Miguel de Tucumán N° 3452
1266,36045122,Solicitud De Subsidio,Observado,2023-11-29,2024-02-20,43049.26,Neuquén,133,36045122,Valentino,Guzman,1977-12-02,manuel27@example.org,+54 15 2191 0430,Neuquén,  Avenida Güemes N° 787  
1267,25721435,Renovación De Licencia,En revisión,2024-02-22,,7195.15,Entre Ríos,122,25721435,Josefina,Martinez,2044-02-29,juliana86@example.com,+54 15 2396 6278,Salta,Av. Chubut N° 81
1268,36080448,Certificado De Residencia,En revisión,2024-09-14,,34957.63,Córdoba,162,36080448,Agustina,Guzman,2006-03-24,herreravalentino@example.org,+54 15 2734 9446,Entre Ríos,Av. Rivadavia N° 728
1269,31340008,Renovación De Licencia,En revisión,2023-06-24,,2628.4,Chaco,589,31340008,Thiago Nahuel,Rodriguez,1992-12-30,maximiliano57@example.net,+54 15 2625 7375,Misiones,  Blv. 5 N° 320  
1270,35626143,Solicitud De Subsidio,Rechazado,2023-02-28,2023-04-07,16291.63,Neuquén,358,35626143,Sofia Belen,Herrera,1988-09-03,paulinagimenez@example.com,+54 9 3772 5199,Santa Fe,Boulevard Paraná N° 572
1271,31862764,Alta De Comercio,Aprobado,2023-08-24,2023-06-10,17719.11,Mendoza,289,31862764,Ciro,Coronel,1951-04-09,juan-martin92@example.net,+54 15 2816 8739,Mendoza,Avenida Alvear N° 463
1272,29218510,Baja De Comercio,Aprobado,2023-07-28,2023-09-09,6605.72,Buenos Aires,291,29218510,Catalina,Navarro,1986-03-24,,+54 9 3831 0742,Chaco,  Diagonal San Martin N° 7732  
1273,25019072,Alta De Comercio,Rechazado,2024-08-04,2024-05-27,0.0,Buenos Aires,323,25019072,Josefina,Garcia,1940-04-07,qescobar@example.net,+54 15 2262 3198,Salta,Diag. Salta N° 421
1274,40982358,Reclamo Administrativo,Rechazado,2025-08-17,2025-07-11,17989.31,Entre Ríos,304,40982358,Joaquina,Morales,1970-05-18,torresmaria-paz@example.org,,Chaco,Calle Formosa N° 155
1275,21473201,Renovación De Licencia,Aprobado,2023-03-25,2023-03-29,34129.84,Córdoba,517,21473201,Simon,Herrera,2006-02-19,jgodoy@example.org,,Tucumán,  Av. Güemes N° 8434  
1276,43085156,Inscripción Registral,Rechazado,2024-04-02,2024-04-15,0.0,Córdoba,434,43085156,Candelaria,Ponce,2067-01-05,emilia16@example.org,+54 15 2482 3414,Sin dato,Av.  Río Negro N° 913
1277,36847729,Solicitud De Subsidio,En revisión,2023-01-25,,3302.41,Tucumán,215,36847729,Santino,Lopez,1951-10-05,,,Salta,Calle 4 N° 385
1278,29690258,Certificado De Residencia,En revisión,2025-04-23,,0.0,Córdoba,375,29690258,Maximo,Dominguez,1946-07-03,biancamiranda@example.org,+54 9 3453 3315,Tucumán,Diagonal  Neuquén N° 655
1279,24165829,Reclamo Administrativo,Observado,2025-10-09,2025-11-18,0.0,Mendoza,538,24165829,Nahiara,Castro,1970-11-29,oliviatoledo@example.net,+54 9 3158 1739,Misiones,Avenida Formosa N° 561
1280,29902086,Reclamo Administrativo,Aprobado,2023-11-27,2024-02-13,0.0,Mendoza,200,29902086,Mateo Agustin,Fernandez,1947-08-10,agustinaramirez@example.net,+54 15 2841 3797,Mendoza,Diag. 3 N° 9259
1281,30175719,Cambio De Domicilio,Rechazado,2023-10-15,2023-10-27,8615.15,Salta,490,30175719,Facundo,Ponce,2007-11-18,antonella45@example.com,+54 15 2254 5897,Sin dato,Av.  Salta N° 74
1282,43748286,Certificado De Residencia,En revisión,2025-10-15,,10911.5,Salta,501,43748286,Tiziano,Gonzalez,1957-09-22,,+54 9 3974 0258,Buenos Aires,   Boulevard 9 N° 331  
1283,22630919,Inscripción Registral,Aprobado,2025-08-29,2025-04-09,46771.18,Chaco,297,22630919,Malena,Ortiz,2001-03-14,joaquin43@example.com,+54 9 3340 2547,Córdoba,Calle San Juan N° 332
1284,21237409,Solicitud De Subsidio,Observado,2025-05-26,2025-10-08,45963.09,Santa Fe,386,21237409,Felipe,Moyano,1959-09-25,nchavez@example.com,,Tucumán,  Avenida Córdoba N° 93  
1285,24805805,Renovación De Licencia,Observado,2023-08-13,2023-09-26,0.0,Buenos Aires,230,24805805,Guadalupe,Juarez,2040-10-18,ambarsoria@example.org,+54 9 3505 8650,Santa Fe,Diagonal Jujuy N° 49
1286,23864454,Solicitud De Subsidio,Rechazado,2025-03-10,2025-12-21,48095.6,Córdoba,67,23864454,Miguel Angel,Cruz,1938-05-19,thiago-lionel92@example.net,+54 9 3122 2927,Tucumán,Diagonal Comodoro Rivadavia N° 8944
1287,42470129,Renovación De Licencia,Observado,2025-03-25,2025-04-14,43169.88,Tucumán,285,42470129,Felipe,Perez,1968-03-07,maria-luzcabrera@example.org,+54 15 2179 1456,Mendoza,Calle Salta N° 9995
1288,31864697,Renovación De Licencia,En revisión,2025-01-16,,22102.67,Neuquén,351,31864697,Francesca,Gonzalez,2002-12-21,alvarorodriguez@example.net,,Tucumán,Boulevard  Mitre N° 4697
1289,24225304,Cambio De Domicilio,En revisión,2023-02-03,,687.12,Tucumán,72,24225304,Vicente,Rodriguez,2006-11-10,moyanojuan-pablo@example.net,+54 15 2167 0654,Tucumán,  Calle Comodoro Rivadavia N° 613  
1290,28407432,Baja De Comercio,En revisión,2025-10-16,,45723.74,Chaco,252,28407432,Nahiara,Cardozo,1961-02-12,gomezjuana@example.com,+54 9 3316 8147,Mendoza,Camino 6 N° 484
1291,31227565,Reclamo Administrativo,En revisión,2024-05-06,,0.0,Chaco,479,31227565,Josefina,Sanchez,2050-06-01,raguirre@example.com,+54 15 2717 2959,Córdoba,Calle 1 N° 198
1292,42670288,Renovación De Licencia,Rechazado,2023-01-16,2023-01-17,17085.38,Neuquén,29,42670288,Bautista,Ledesma,1981-05-31,quirogajulieta@example.net,+54 15 2290 5865,Mendoza,Avenida Misiones N° 6186
1293,31123801,Alta De Comercio,Aprobado,2023-05-04,2023-04-23,0.0,Chaco,516,31123801,Juan,Duarte,1941-11-13,milogarcia@example.net,+54 9 3109 4544,Chaco,Av. 6 N° 8217
1294,25018440,Reclamo Administrativo,Iniciado,2023-09-15,,25563.81,Salta,277,25018440,Giovanni,Diaz,1964-04-15,igomez@example.com,+54 15 2291 7410,Neuquén,  Diagonal 8 N° 83  
1295,27561308,Reclamo Administrativo,Aprobado,2025-08-10,2025-10-22,12632.96,Misiones,142,27561308,Delfina,Mendez,1946-06-14,leonruiz@example.org,+54 9 3942 0678,Entre Ríos,Av. Santa Fe N° 1140
1296,32089255,Alta De Comercio,Rechazado,2024-09-26,2024-10-30,16095.53,Neuquén,366,32089255,Santino Nicolas,Carrizo,1965-10-14,icoronel@example.org,+54 15 2680 7156,Salta,  Diag. Santa Fe N° 208  
1297,39787935,Cambio De Domicilio,Iniciado,2024-02-09,,42184.62,Córdoba,214,39787935,Joaquín,Cordoba,1976-01-03,zdiaz@example.net,+54 15 2970 2672,Tucumán,Avenida Río Negro N° 178
1298,27048205,Inscripción Registral,Observado,2023-10-23,2023-12-27,7574.66,Salta,264,27048205,Juliana,Lopez,1984-04-07,mgomez@example.com,+54 9 3281 7246,Neuquén,Diagonal Santa Cruz N° 8615
1299,40982358,Solicitud De Subsidio,En revisión,2025-02-08,,0.0,Misiones,304,40982358,Joaquina,Morales,1970-05-18,torresmaria-paz@example.org,,Chaco,Calle Formosa N° 155
1300,32886558,Inscripción Registral,Observado,2024-09-06,2024-01-09,0.0,Córdoba,600,32886558,Angelina,Gomez,1952-02-21,sebastiansanchez@example.net,+54 9 3698 8942,Córdoba,Diagonal Neuquén N° 701
1301,24007842,Baja De Comercio,Rechazado,2025-11-03,2025-06-05,46982.82,Santa Fe,187,24007842,Maia,Fernandez,1975-09-04,ogomez@example.org,+54 9 3855 4398,Tucumán,  Diag. 101 Bis N° 474  
1302,41045356,Certificado De Residencia,Rechazado,2023-06-17,2023-08-16,10648.96,Misiones,350,41045356,Felipe,Navarro,1966-05-30,valentinoflores@example.com,,Neuquén,Calle G. Brown N° 712
1303,37713443,Alta De Comercio,Iniciado,2023-03-13,,0.0,Mendoza,495,37713443,Luciano Benjamin,Ayala,1979-03-18,tizianoperalta@example.com,,Tucumán,Avenida  San Miguel de Tucumán N° 387
1304,36872408,Certificado De Residencia,Observado,2025-12-01,2025-04-05,37775.4,Salta,262,36872408,Ian Ezequiel,Ruiz,1986-12-09,francesco57@example.com,+54 15 2317 1577,Chaco,Avenida Neuquén N° 27
1305,28597504,Reclamo Administrativo,Observado,2023-02-02,2023-03-09,42887.64,Chaco,455,28597504,Juan  Pablo,Rodriguez,1979-03-20,,+54 9 3119 9097,Salta,Calle 5 N° 65
1306,34129849,Renovación De Licencia,En revisión,2024-06-28,,21150.45,Santa Fe,158,34129849,Olivia,Suarez,1980-01-30,lopezlola@example.net,+54 9 3506 5307,Buenos Aires,Calle Pte. Perón N° 8424
1307,20385239,Inscripción Registral,Iniciado,2025-06-28,,47578.62,Misiones,8,20385239,Ema,Rojas,1944-10-21,kleiva@example.com,+54 9 3838 3465,Misiones,Av. Rivadavia N° 61
1308,34834600,Inscripción Registral,Aprobado,2024-03-27,2024-05-08,0.0,Chaco,409,34834600,Lisandro,Paez,1945-10-05,aguerovictoria@example.net,+54 15 2457 9786,Chaco,Diagonal 6 N° 61
1309,29998521,Certificado De Residencia,Aprobado,2025-01-12,2025-02-12,0.0,Córdoba,442,29998521,Lola,Cabrera,1959-04-29,moralesbenjamin@example.com,+54 15 2242 4089,Misiones,Diagonal Santa Fe N° 949
1310,44230882,Baja De Comercio,Rechazado,2024-09-23,2024-08-11,13370.6,Neuquén,425,44230882,Oriana,Vargas,2044-08-22,salvador71@example.net,+54 9 3194 8491,Salta,  Boulevard 7 N° 99  
1311,37168850,Cambio De Domicilio,Aprobado,2023-02-18,2023-02-19,0.0,Entre Ríos,484,37168850,Sara,Lopez,1943-04-04,zoe-valentinacoronel@example.net,+54 9 3447 2812,Salta,   Avenida J.M. de Rosas N° 7843  
1312,42158059,Certificado De Residencia,Iniciado,2023-10-03,,0.0,Neuquén,482,42158059,Lautaro Nicolas,Gonzalez,1939-02-16,,+54 9 3622 9712,Misiones,  Diagonal Omar Nuñez N° 2697  
1313,31472691,Reclamo Administrativo,Aprobado,2025-04-22,2025-05-12,39967.02,Buenos Aires,306,31472691,Thiago,Suarez,1960-06-20,santinofernandez@example.org,+54 15 2789 8881,Santa Fe,Calle  Rosario N° 18
1314,37399215,Alta De Comercio,Observado,2023-04-11,2024-01-12,29402.15,Córdoba,554,37399215,Catalina,Ramos,2054-06-23,hperez@example.net,+54 15 2772 7955,Córdoba,Boulevard La Pampa N° 153
1315,36737866,Certificado De Residencia,Observado,2023-05-11,2024-07-01,49506.62,Córdoba,488,36737866,Martín,Sosa,1956-08-25,abril12@example.net,+54 9 3343 2512,Misiones,  Av. Constitución N° 661  
1316,36847729,Renovación De Licencia,Aprobado,2024-08-06,2024-07-28,23469.92,Salta,215,36847729,Santino,Lopez,1951-10-05,,,Salta,Calle 4 N° 385
1317,44085691,Renovación De Licencia,Aprobado,2025-05-28,2025-02-08,28865.34,Entre Ríos,504,44085691,Paulina,Juarez,1996-12-29,,+54 15 2898 3347,Salta,Avenida Tucumán N° 94
1318,32199762,Renovación De Licencia,Observado,2023-01-27,2023-02-02,7783.37,Buenos Aires,599,32199762,Josefina,Herrera,2001-07-15,juan-cruzrojas@example.net,+54 15 2977 9323,Neuquén,Boulevard 4 N° 715
1319,24643746,Inscripción Registral,Iniciado,2023-10-25,,23697.87,Santa Fe,239,24643746,Santino Agustin,Blanco,1999-01-17,benjamin14@example.com,+54 9 3905 3833,Chaco,Avenida Río Negro N° 127
1320,36586173,Certificado De Residencia,En revisión,2025-12-08,,26863.22,Neuquén,42,36586173,Mateo Benjamin,Romero,1975-01-12,umedina@example.org,+54 15 2896 3605,Mendoza,Diag. Mendoza N° 1237
1321,29690258,Alta De Comercio,Iniciado,2023-09-15,,49674.78,Santa Fe,375,29690258,Maximo,Dominguez,1946-07-03,biancamiranda@example.org,+54 9 3453 3315,Tucumán,Diagonal  Neuquén N° 655
1322,39221146,Baja De Comercio,Iniciado,2024-05-05,,34968.4,Tucumán,207,39221146,Benicio,Ferreyra,2006-06-11,francofausto@example.com,+54 9 3269 3801,Mendoza,Diagonal San Juan N° 5545
1323,43884350,Baja De Comercio,Observado,2023-01-03,2023-02-26,36267.29,Neuquén,109,43884350,Rafael,Medina,2053-05-18,,+54 15 2116 6687,Entre Ríos,Diagonal Catamarca N° 626
1324,32652714,Solicitud De Subsidio,En revisión,2024-12-12,,42540.67,Buenos Aires,287,32652714,Joaquin,Caceres,1971-01-13,rodriguezfrancisco@example.com,+54 9 3463 5315,Salta,Diagonal 4 N° 283
1325,32600775,Cambio De Domicilio,Rechazado,2025-08-14,2025-09-07,49095.44,Córdoba,394,32600775,Matias,Rodriguez,2063-05-03,alexandertorres@example.org,+54 15 2410 6005,Chaco,Calle Chaco N° 1272
1326,41120515,Reclamo Administrativo,Observado,2025-03-07,2025-06-09,21008.81,Buenos Aires,480,41120515,Emilia,Mansilla,2065-11-01,romerobenjamin@example.com,+54 15 2264 4556,Misiones,Avenida  Santa Cruz N° 58
1327,32627759,Baja De Comercio,En revisión,2024-04-21,,6392.83,Neuquén,431,32627759,Lola,Gonzalez,2067-01-27,catalinagutierrez@example.org,+54 9 3817 0243,Chaco,Avenida Santa Rosa N° 2884
1328,38602995,Cambio De Domicilio,En revisión,2025-11-08,,2277.62,Salta,28,38602995,Giuliana,Rios,1953-01-14,kcarrizo@example.org,+54 9 3345 2991,Neuquén,Calle San Martin N° 7946
1329,21654605,Certificado De Residencia,Aprobado,2024-06-18,2024-08-27,49229.32,Tucumán,324,21654605,Thiago Nahuel,Sanchez,1996-05-21,vcordoba@example.org,+54 9 3832 1234,Mendoza,Camino La Plata N° 265
1330,28410559,Cambio De Domicilio,Rechazado,2023-09-11,2023-04-11,37572.87,Córdoba,73,28410559,Martina,Molina,1995-05-01,,+54 9 3422 1704,Santa Fe,Calle 1 N° 974
1331,23836038,Solicitud De Subsidio,Observado,2025-07-18,2025-07-27,20546.86,Misiones,362,23836038,Nahiara Jazmin,Mendoza,1939-05-31,gonzalonunez@example.com,+54 9 3714 0578,Salta,Calle  4 N° 9024
1332,25564786,Renovación De Licencia,Observado,2023-02-21,2023-04-28,0.0,Neuquén,270,25564786,Mora,Barrios,1974-07-09,,+54 9 3565 4420,Mendoza,Av.  Buenos Aires N° 391
1333,34834600,Inscripción Registral,Iniciado,2024-02-03,,8156.97,Misiones,409,34834600,Lisandro,Paez,1945-10-05,aguerovictoria@example.net,+54 15 2457 9786,Chaco,Diagonal 6 N° 61
1334,35507767,Alta De Comercio,Rechazado,2024-10-16,2025-08-01,848.62,Neuquén,536,35507767,Santino,Ruiz,1971-09-01,emiliagonzalez@example.net,,Córdoba,  Calle J.J. Castelli N° 161  
1335,27313676,Cambio De Domicilio,Iniciado,2024-05-14,,0.0,Misiones,38,27313676,Paulina,Lopez,1973-05-07,lavila@example.net,,Tucumán,Camino La Pampa N° 577
1336,36128405,Solicitud De Subsidio,En revisión,2024-06-01,,12509.22,Salta,237,36128405,Juan Bautista,Ramos,1945-02-21,jazmindiaz@example.com,+54 15 2589 8331,Córdoba,  Avenida Omar Nuñez N° 717  
1337,43388450,Reclamo Administrativo,Aprobado,2023-06-29,2023-08-27,18038.51,Chaco,503,43388450,Bautista,Gonzalez,1989-02-15,catalinagomez@example.net,+54 9 3753 3126,Mendoza,Calle Güemes N° 28
1338,36581531,Baja De Comercio,En revisión,2024-12-22,,16483.78,Buenos Aires,453,36581531,Juan Martin,Lopez,1947-01-05,rmiranda@example.com,+54 9 3598 4362,Sin dato,Av. Saavedra N° 164
1339,31734535,Inscripción Registral,Rechazado,2024-02-11,2024-08-05,31084.43,Mendoza,326,31734535,Jazmín,Alvarez,2002-01-15,qblanco@example.com,,Neuquén,Avenida Belgrano N° 7767
1340,39256174,Inscripción Registral,Aprobado,2024-08-26,2024-10-01,15912.48,Chaco,529,39256174,Morena,Rodriguez,2045-12-08,maria-paz15@example.org,+54 15 2815 2854,Santa Fe,Av.  Catamarca N° 157
1341,31066374,Cambio De Domicilio,Iniciado,2023-06-09,,10323.38,Chaco,53,31066374,Santino,Rodriguez,1968-07-05,agustina17@example.net,+54 15 2190 8470,Misiones,  Diag. 117 B N° 272  
1342,23021546,Alta De Comercio,Aprobado,2025-03-16,2025-05-06,31086.55,Santa Fe,117,23021546,Valentina,Fernandez,2066-07-07,mrodriguez@example.com,,Córdoba,Boulevard Chaco N° 1572
1343,27756452,Solicitud De Subsidio,Aprobado,2024-01-15,2024-05-04,0.0,Mendoza,238,27756452,Guadalupe,Lopez,1960-10-10,vazquezmateo@example.com,+54 9 3692 7033,Córdoba,Diagonal  2 N° 14
1344,43085156,Alta De Comercio,Rechazado,2023-10-07,2023-08-18,30851.22,Chaco,434,43085156,Candelaria,Ponce,2067-01-05,emilia16@example.org,+54 15 2482 3414,Sin dato,Av.  Río Negro N° 913
1345,24846341,Inscripción Registral,En revisión,2024-03-15,,22923.8,Neuquén,519,24846341,Lautaro,Rodriguez,1968-09-01,martinezjuan-cruz@example.com,+54 9 3616 4205,Neuquén,Av. Salta N° 134
1346,21882904,Cambio De Domicilio,Rechazado,2024-05-26,2024-06-25,16905.62,Tucumán,151,21882904,Justina,Sosa,1963-01-10,kcaceres@example.net,+54 15 2627 1040,Mendoza,Calle Paraná N° 73
1347,33171591,Alta De Comercio,En revisión,2024-01-16,,3914.14,Tucumán,168,33171591,Valentino,Benitez,1966-12-21,ymartin@example.org,+54 15 2483 5058,Santa Fe,Calle 4 N° 65
1348,36800697,Reclamo Administrativo,En revisión,2023-11-17,,0.0,Salta,551,36800697,Renata,Godoy,1997-06-02,sanchezlucas@example.org,+54 9 3279 1971,Córdoba,  Calle Belgrano N° 13  
1349,41605005,Inscripción Registral,Aprobado,2025-10-06,2025-07-30,46118.12,Neuquén,483,41605005,Bruno,Silva,1983-11-25,,+54 9 3241 5833,Santa Fe,Av. 4 N° 48
1350,33530961,Renovación De Licencia,Rechazado,2025-03-04,2025-04-12,0.0,Neuquén,118,33530961,Nahiara,Romero,1993-01-10,gonzalezvalentina@example.net,+54 15 2375 6798,Tucumán,Calle Bahía Blanca N° 231
1351,39870950,Solicitud De Subsidio,Iniciado,2024-06-25,,0.0,Tucumán,566,39870950,Delfina,Maidana,1955-09-07,victoriacarrizo@example.net,+54 9 3124 4063,Mendoza,Diagonal Güemes N° 629
1352,44423068,Solicitud De Subsidio,Rechazado,2024-08-16,2024-11-14,14746.18,Santa Fe,492,44423068,Francesca,Ramirez,2008-08-03,santiago98@example.net,+54 9 3591 6795,Chaco,Calle 3 N° 952
1353,42470129,Solicitud De Subsidio,En revisión,2024-01-30,,0.0,Santa Fe,285,42470129,Felipe,Perez,1968-03-07,maria-luzcabrera@example.org,+54 15 2179 1456,Mendoza,Calle Salta N° 9995
1354,30620458,Reclamo Administrativo,Aprobado,2024-04-17,2024-04-21,21073.0,Córdoba,435,30620458,Santiago,Mendez,1981-07-15,franciscofernandez@example.org,+54 9 3232 6093,Entre Ríos,Avenida J.J. Castelli N° 463
1355,20361830,Renovación De Licencia,Rechazado,2024-10-21,2024-12-14,0.0,Buenos Aires,370,20361830,Julia,Sanchez,1964-03-25,catalina90@example.net,,Neuquén,Diagonal 1 N° 650
1356,20762870,Solicitud De Subsidio,En revisión,2025-08-26,,0.0,Chaco,138,20762870,Benjamin Alejandro,Rodriguez,1969-07-30,thiago-nahuel45@example.org,+54 9 3405 3494,Sin dato,Av. Chilecito N° 4338
1357,43085156,Certificado De Residencia,Observado,2023-12-31,2024-01-29,23980.47,Córdoba,434,43085156,Candelaria,Ponce,2067-01-05,emilia16@example.org,+54 15 2482 3414,Sin dato,Av.  Río Negro N° 913
1358,21081444,Solicitud De Subsidio,En revisión,2024-01-28,,0.0,Santa Fe,336,21081444,Camilo,Lopez,2002-10-25,,+54 15 2641 6591,Chaco,Calle 8 N° 164
1359,34079232,Inscripción Registral,En revisión,2024-05-25,,15550.25,Entre Ríos,217,34079232,Paloma,Juarez,1964-06-29,xvargas@example.net,+54 9 3562 2023,Entre Ríos,Diagonal Belgrano N° 72
1360,32180192,Reclamo Administrativo,Aprobado,2025-04-05,2025-04-23,12693.48,Salta,445,32180192,Valentina,Rodriguez,1946-01-14,ariasbenjamin@example.org,+54 9 3313 2797,Mendoza,Av. Comodoro Rivadavia N° 59
1361,30249526,Inscripción Registral,Iniciado,2025-01-08,,18122.74,Santa Fe,224,30249526,Milena,Gomez,1991-09-13,oliviabravo@example.org,,Entre Ríos,Avenida La Pampa N° 19
1362,28264996,Solicitud De Subsidio,Rechazado,2023-06-29,2023-08-17,1803.13,Misiones,498,28264996,Santino Ezequiel,Gomez,1978-04-21,quirogaagustina@example.net,+54 9 3823 2440,Salta,Avenida  Catamarca N° 29
1363,40550357,Inscripción Registral,Iniciado,2023-02-16,,36566.06,Tucumán,332,40550357,Isabella,Romero,1952-07-10,maximo90@example.org,+54 9 3389 6465,Misiones,Av. Mitre N° 39
1364,38802227,Baja De Comercio,Aprobado,2024-07-08,2024-09-17,0.0,Mendoza,296,38802227,Faustino,Rojas,1945-06-04,ciro04@example.org,+54 15 2603 8569,Entre Ríos,Diagonal Río Negro N° 988
1365,42560013,Inscripción Registral,Aprobado,2025-07-30,2025-09-15,0.0,Tucumán,68,42560013,Mateo Benjamin,Sanchez,1994-08-28,mbarrios@example.com,+54 9 3374 6886,Córdoba,Diag. Saavedra N° 6097
1366,39870950,Inscripción Registral,Rechazado,2024-11-15,2025-01-22,0.0,Buenos Aires,566,39870950,Delfina,Maidana,1955-09-07,victoriacarrizo@example.net,+54 9 3124 4063,Mendoza,Diagonal Güemes N° 629
1367,43876850,Reclamo Administrativo,Aprobado,2024-10-17,2024-11-23,3062.49,Entre Ríos,598,43876850,Ignacio,Paez,1938-02-14,ian-ezequielgonzalez@example.com,+54 15 2721 0531,Neuquén,Calle 176 B N° 3817
1368,31262896,Cambio De Domicilio,Iniciado,2024-08-14,,0.0,Córdoba,515,31262896,Mateo Ezequiel,Vargas,2003-05-31,cordobanicolas@example.net,+54 9 3587 6998,Mendoza,Avenida 4 N° 15
1369,23864454,Baja De Comercio,Aprobado,2025-06-30,2025-07-30,0.0,Chaco,67,23864454,Miguel Angel,Cruz,1938-05-19,thiago-lionel92@example.net,+54 9 3122 2927,Tucumán,Diagonal Comodoro Rivadavia N° 8944
1370,20682306,Reclamo Administrativo,Iniciado,2023-06-24,,15409.02,Chaco,100,20682306,Julia,Paz,1953-09-10,felipe31@example.org,+54 9 3190 3311,Córdoba,Diagonal Santiago del Estero N° 17
1371,41140039,Renovación De Licencia,Rechazado,2025-05-24,2025-08-15,12597.36,Córdoba,55,41140039,Sebastian,Sanchez,1958-06-10,thiago27@example.org,,Santa Fe,Blv. 9 N° 761
1372,33553062,Cambio De Domicilio,Aprobado,2023-02-06,2023-06-25,0.0,Santa Fe,382,33553062,Tomàs,Benitez,1962-06-15,ysanchez@example.org,+54 15 2573 4151,Buenos Aires,Av.  Alem N° 54
1373,31262896,Inscripción Registral,Rechazado,2025-12-06,2025-07-25,8825.88,Córdoba,515,31262896,Mateo Ezequiel,Vargas,2003-05-31,cordobanicolas@example.net,+54 9 3587 6998,Mendoza,Avenida 4 N° 15
1374,22630919,Certificado De Residencia,En revisión,2023-08-14,,0.0,Neuquén,297,22630919,Malena,Ortiz,2001-03-14,joaquin43@example.com,+54 9 3340 2547,Córdoba,Calle San Juan N° 332
1375,41802627,Reclamo Administrativo,En revisión,2025-01-29,,42515.83,Santa Fe,580,41802627,Tiziano,Martinez,1954-04-26,,+54 15 2572 0948,Mendoza,Calle 2 N° 5218
1376,20524985,Inscripción Registral,En revisión,2023-03-31,,0.0,Entre Ríos,139,20524985,Benjamin,Ramirez,1952-08-19,juan-manuel05@example.org,,Chaco,Blv. Saavedra N° 114
1377,39832095,Alta De Comercio,En revisión,2024-04-03,,0.0,Misiones,387,39832095,Martina,Ledesma,1971-04-18,sofiabustos@example.com,+54 9 3133 4817,Salta,Calle Paraná N° 3626
1378,40936975,Cambio De Domicilio,En revisión,2023-03-05,,18499.05,Córdoba,315,40936975,Olivia,Sanchez,2063-05-02,lgonzalez@example.net,+54 9 3827 6246,Chaco,  Av. J.M. de Rosas N° 888  
1379,26306075,Inscripción Registral,En revisión,2024-03-07,,0.0,Santa Fe,220,26306075,Simon,Torres,1954-08-04,benjamin82@example.com,+54 9 3178 0774,Tucumán,Diagonal Mitre N° 19
1380,30457804,Solicitud De Subsidio,Rechazado,2023-02-15,2023-03-26,9076.5,Salta,513,30457804,Juan Ignacio,Muñoz,1993-02-22,bravogenaro@example.net,+54 9 3710 7044,Misiones,Blv.  La Plata N° 789
1381,29631618,Inscripción Registral,En revisión,2023-04-24,,37642.53,Chaco,440,29631618,Mateo,Cardozo,1963-01-09,rruiz@example.org,+54 15 2902 9390,Chaco,Diagonal Mendoza N° 553
1382,40434437,Inscripción Registral,Aprobado,2023-05-01,2023-03-31,18132.46,Córdoba,249,40434437,Lucia,Godoy,2041-07-11,gojeda@example.net,+54 15 2368 6025,Misiones,Calle 1 N° 854
1383,27277078,Reclamo Administrativo,En revisión,2025-10-20,,0.0,Chaco,343,27277078,Lara,Ferreyra,1967-09-06,,+54 9 3860 1227,Sin dato,Camino Neuquén N° 57
1384,29951908,Renovación De Licencia,En revisión,2024-12-28,,0.0,Entre Ríos,400,29951908,Ludmila,Soria,1952-11-15,floresvalentin@example.org,,Entre Ríos,  Blv. Corrientes N° 267  
1385,42965094,Baja De Comercio,En revisión,2023-06-30,,38984.01,Salta,225,42965094,Maximo,Perez,1982-03-28,beniciorodriguez@example.net,+54 15 2513 6502,Mendoza,Avenida Entre Ríos N° 18
1386,32180192,Reclamo Administrativo,Aprobado,2023-06-09,2023-01-12,0.0,Salta,445,32180192,Valentina,Rodriguez,1946-01-14,ariasbenjamin@example.org,+54 9 3313 2797,Mendoza,Av. Comodoro Rivadavia N° 59
1387,43252745,Certificado De Residencia,Observado,2025-02-16,2025-08-03,43238.86,Salta,506,43252745,Elena,Figueroa,2067-08-31,khernandez@example.org,+54 15 2184 1173,Chaco,Avenida  Entre Ríos N° 7464
1388,39595416,Solicitud De Subsidio,Observado,2024-02-01,2024-01-31,12694.37,Salta,202,39595416,Jazmin,Fernandez,1979-09-06,escobaroctavio@example.net,+54 9 3486 5086,Neuquén,Av. Malvinas Argentinas N° 279
1389,40214978,Cambio De Domicilio,Rechazado,2023-09-05,2023-07-17,0.0,Misiones,104,40214978,Sofia,Barrios,2057-04-10,diazsantiago@example.net,+54 15 2973 9363,Chaco,Avenida La Rioja N° 555
1390,41657472,Certificado De Residencia,Iniciado,2025-03-12,,12619.73,Mendoza,86,41657472,Candelaria,Ruiz,1993-08-27,lautaro-benjamin52@example.org,+54 9 3880 0025,Chaco,Calle Salta N° 63
1391,37894197,Baja De Comercio,En revisión,2025-05-22,,14056.55,Chaco,486,37894197,Benicio,Diaz,1964-07-08,dgimenez@example.com,+54 9 3551 0663,Mendoza,Calle  5 N° 977
1392,43587652,Baja De Comercio,Iniciado,2024-08-23,,0.0,Córdoba,568,43587652,Ian,Aguirre,2074-06-24,felicitasperez@example.org,+54 15 2678 5138,Tucumán,Diagonal La Rioja N° 303
1393,27957069,Solicitud De Subsidio,Rechazado,2024-08-03,2024-03-04,0.0,Santa Fe,293,27957069,Agustina,Bustos,1962-03-13,gomezguadalupe@example.net,+54 15 2455 2818,Chaco,  Avenida 9 N° 84  
1394,25379194,Inscripción Registral,En revisión,2024-12-20,,0.0,Córdoba,593,25379194,Julieta,Gomez,1974-07-26,vargasjuan-pablo@example.org,+54 9 3753 3342,Salta,Avenida 150 A N° 82
1395,23444816,Solicitud De Subsidio,En revisión,2024-06-03,,20072.87,Misiones,472,23444816,Jeremias,Diaz,2049-10-10,ian-benjamincordoba@example.com,,Buenos Aires,Boulevard  2 N° 55
1396,23720843,Reclamo Administrativo,Iniciado,2024-09-23,,4877.34,Buenos Aires,82,23720843,Camilo,Ramirez,1982-04-10,ipaez@example.com,+54 9 3173 6471,Santa Fe,Av. 8 N° 36
1397,26711706,Alta De Comercio,Observado,2025-04-01,2025-04-30,5818.09,Neuquén,422,26711706,Valentino,Aguirre,1958-06-21,sofia83@example.net,+54 15 2403 0324,Neuquén,Diagonal  Rivadavia N° 347
1398,42670288,Solicitud De Subsidio,Iniciado,2025-01-23,,0.0,Tucumán,29,42670288,Bautista,Ledesma,1981-05-31,quirogajulieta@example.net,+54 15 2290 5865,Mendoza,Avenida Misiones N° 6186
1399,37592126,Cambio De Domicilio,Rechazado,2025-12-17,2026-03-13,2756.73,Tucumán,221,37592126,Thiago,Ramirez,1976-07-18,tmartinez@example.net,+54 9 3963 4163,Chaco,Boulevard Malvinas Argentinas N° 549
1400,42217569,Reclamo Administrativo,Iniciado,2023-05-09,,2366.01,Misiones,91,42217569,Emilia,Vera,1960-11-28,vferreyra@example.com,+54 15 2238 4842,Misiones,Av. Entre Ríos N° 94
1401,29560594,Alta De Comercio,Iniciado,2024-12-06,,42496.83,Santa Fe,94,29560594,Mia Jazmin,Herrera,2049-09-13,romeromaria-paz@example.net,+54 9 3320 5493,Salta,Diagonal Mendoza N° 2875
1402,36977226,Reclamo Administrativo,En revisión,2023-06-20,,20507.82,Buenos Aires,40,36977226,Dylan,Benitez,1986-07-08,gonzalezagustin@example.org,+54 15 2448 0861,Misiones,Boulevard 112 B N° 954
1403,23622597,Baja De Comercio,Observado,2025-01-29,2025-04-17,25346.23,Entre Ríos,75,23622597,Ian Benjamin,Rodriguez,1979-09-08,manuelsanchez@example.org,+54 9 3844 7962,Tucumán,Calle  Santiago del Estero N° 5916
1404,28345734,Renovación De Licencia,Observado,2025-04-04,2025-08-05,0.0,Chaco,310,28345734,Martin,Gomez,1951-04-01,ltorres@example.org,+54 9 3912 5663,Misiones,Calle 6 N° 29
1405,41802627,Cambio De Domicilio,Iniciado,2025-02-23,,4451.96,Córdoba,580,41802627,Tiziano,Martinez,1954-04-26,,+54 15 2572 0948,Mendoza,Calle 2 N° 5218
1406,31523859,Alta De Comercio,Rechazado,2025-09-05,2025-09-20,15521.03,Buenos Aires,89,31523859,Luna,Ponce,1940-03-03,maximocastro@example.net,+54 9 3686 5278,Salta,Diagonal  Tucumán N° 844
1407,34306582,Alta De Comercio,Observado,2025-11-27,2026-02-07,7059.74,Tucumán,166,34306582,Thiago,Nuñez,1969-06-24,herreramateo-ezequiel@example.net,+54 15 2573 8168,Chaco,Camino San Ferando del Valle de Catamarca N° 46
1408,28130745,Alta De Comercio,En revisión,2025-05-25,,24083.62,Chaco,325,28130745,Manuel,Herrera,1953-10-08,emiliano25@example.com,+54 9 3540 9003,Neuquén,Avenida Tierra del Fuego N° 941
1409,37551882,Cambio De Domicilio,Aprobado,2024-06-26,2024-08-20,15432.44,Salta,390,37551882,Joaquin,Rios,1967-03-02,lbustos@example.net,+54 15 2560 3248,Entre Ríos,Calle Tucumán N° 837
1410,34843679,Alta De Comercio,Observado,2025-09-29,2025-11-05,0.0,Entre Ríos,126,34843679,Ema,Garcia,1977-08-06,fernandezlautaro-ezequiel@example.com,+54 15 2442 2325,Mendoza,Diagonal J.M. de Rosas N° 57
1411,30249526,Baja De Comercio,Aprobado,2025-01-30,2025-06-02,27619.44,Entre Ríos,224,30249526,Milena,Gomez,1991-09-13,oliviabravo@example.org,,Entre Ríos,Avenida La Pampa N° 19
1412,34809804,Certificado De Residencia,Aprobado,2023-12-02,2023-12-25,7377.07,Chaco,172,34809804,Guillermina,Cabrera,1992-01-06,benicioramirez@example.org,+54 15 2187 3753,Córdoba,Calle 2 N° 2792
1413,23864454,Solicitud De Subsidio,Rechazado,2025-07-04,2025-06-21,30423.2,Neuquén,67,23864454,Miguel Angel,Cruz,1938-05-19,thiago-lionel92@example.net,+54 9 3122 2927,Tucumán,Diagonal Comodoro Rivadavia N° 8944
1414,44378968,Inscripción Registral,Iniciado,2023-11-28,,17719.47,Salta,227,44378968,Luciano,Sosa,1945-06-17,suarezsimon@example.com,+54 9 3839 2855,Tucumán,Diag. San Miguel de Tucumán N° 9231
1415,39787935,Solicitud De Subsidio,Aprobado,2023-08-18,2023-04-10,0.0,Santa Fe,214,39787935,Joaquín,Cordoba,1976-01-03,zdiaz@example.net,+54 15 2970 2672,Tucumán,Avenida Río Negro N° 178
1416,29951908,Inscripción Registral,Rechazado,2024-11-29,2024-12-17,13320.03,Chaco,400,29951908,Ludmila,Soria,1952-11-15,floresvalentin@example.org,,Entre Ríos,  Blv. Corrientes N° 267  
1417,44664438,Alta De Comercio,Iniciado,2025-11-07,,49348.02,Salta,24,44664438,Giuliana,Garcia,1992-05-24,rmorales@example.com,+54 15 2243 4558,Entre Ríos,Avenida 3 N° 717
1418,36999031,Certificado De Residencia,Aprobado,2023-07-29,2023-08-04,48436.52,Salta,185,36999031,Maria Emilia,Diaz,1999-01-20,orivero@example.net,+54 9 3898 9334,Entre Ríos,Diagonal 3 N° 7811
1419,43140908,Alta De Comercio,Observado,2023-01-18,2023-05-04,881.53,Mendoza,419,43140908,Santino  Ezequiel,Ferreyra,1955-09-19,htorres@example.org,+54 15 2817 8309,Chaco,Diagonal Santa Fe N° 867
1420,37015716,Baja De Comercio,Iniciado,2023-11-20,,0.0,Misiones,514,37015716,Benjamin,Alvarez,2068-01-15,sofialopez@example.com,+54 15 2640 8509,Neuquén,Boulevard Malvinas Argentinas N° 6370
1421,31057585,Certificado De Residencia,Aprobado,2023-08-15,2023-08-17,18216.84,Neuquén,159,31057585,Renzo,Martinez,1957-07-24,uramos@example.com,+54 9 3891 3736,Salta,Camino Pte. Perón N° 32
1422,26301168,Renovación De Licencia,Iniciado,2025-06-25,,0.0,Entre Ríos,305,26301168,Juana,Godoy,1941-03-26,camilolopez@example.org,+54 15 2285 5445,Buenos Aires,Avenida Chubut N° 95
1423,34594181,Inscripción Registral,Iniciado,2025-01-15,,10114.88,Chaco,105,34594181,Benicio,Cruz,1969-08-23,ucoronel@example.org,+54 9 3156 0932,Neuquén,Boulevard Neuquén N° 344
1424,28969929,Baja De Comercio,En revisión,2023-03-15,,14818.78,Entre Ríos,150,28969929,Ignacio,Rodriguez,1960-12-10,mateo15@example.com,+54 15 2243 3154,Buenos Aires,Calle Neuquén N° 728
1425,25822902,Certificado De Residencia,Observado,2024-05-10,2024-05-16,0.0,Córdoba,502,25822902,Lautaro,Muñoz,2060-05-23,victoriacoronel@example.com,+54 9 3917 6792,Salta,Av. Saavedra N° 697
1426,20794046,Inscripción Registral,Aprobado,2023-11-05,2023-05-25,30856.59,Santa Fe,25,20794046,Ignacio,Medina,1940-03-03,xalvarez@example.net,,Tucumán,Blv. J.B. Alberdi N° 488
1427,21380527,Solicitud De Subsidio,Iniciado,2025-10-31,,28005.67,Tucumán,523,21380527,Violeta,Romero,1944-03-27,jflores@example.net,+54 9 3732 7021,Mendoza,  Av. San Miguel de Tucumán N° 311  
1428,20383719,Renovación De Licencia,Observado,2024-12-25,2024-12-30,25137.23,Buenos Aires,132,20383719,Valentina,Juarez,1988-09-04,fausto04@example.org,+54 15 2264 0376,Tucumán,Diagonal 2 N° 606
1429,37586469,Alta De Comercio,Rechazado,2023-01-12,2023-03-25,41283.42,Chaco,233,37586469,Benjamin,Gonzalez,1956-05-23,gutierrezpriscila@example.com,+54 15 2943 3504,Sin dato,Av. San Luis N° 18
1430,31108749,Reclamo Administrativo,En revisión,2024-10-16,,40808.9,Entre Ríos,257,31108749,Mia,Guzman,1990-06-28,paloma46@example.org,+54 9 3535 7438,Mendoza,Avenida 1 N° 9117
1431,25720262,Renovación De Licencia,Aprobado,2024-11-01,2024-03-27,41788.72,Salta,505,25720262,Catalina,Gonzalez,2005-10-09,diazalma-valentina@example.org,+54 9 3969 8152,Tucumán,Diag. San Luis N° 6895
1432,37160657,Inscripción Registral,Iniciado,2024-02-15,,0.0,Buenos Aires,581,37160657,Sofia,Martinez,1991-03-25,,+54 9 3813 7171,Córdoba,Av. 4 N° 147
1433,23288307,Certificado De Residencia,Aprobado,2023-11-29,2024-01-22,0.0,Entre Ríos,398,23288307,Valentino,Aguirre,1950-05-16,cdiaz@example.org,+54 9 3752 4508,Sin dato,Avenida Ciudad Autónoma de Buenos Aires N° 66
1434,43728673,Reclamo Administrativo,Rechazado,2024-09-11,2025-01-02,0.0,Buenos Aires,148,43728673,Bastian,Farias,2059-01-04,fernandezfederico@example.org,,Misiones,  Avenida Resistencia N° 866  
1435,26396898,Baja De Comercio,Aprobado,2025-03-10,2025-10-28,15414.05,Chaco,525,26396898,Bautista,Ayala,2004-12-20,vmorales@example.com,+54 9 3372 2981,Buenos Aires,Av. G. Brown N° 776
1436,36999031,Baja De Comercio,Aprobado,2024-11-26,2024-11-28,9118.39,Buenos Aires,185,36999031,Maria Emilia,Diaz,1999-01-20,orivero@example.net,+54 9 3898 9334,Entre Ríos,Diagonal 3 N° 7811
1437,29117246,Solicitud De Subsidio,Aprobado,2024-11-10,2024-10-22,12706.73,Neuquén,33,29117246,Tiziano  Benjamin,Perez,1978-08-31,,+54 9 3124 0824,Misiones,  Av. Alvear N° 1751  
1438,38498673,Solicitud De Subsidio,Aprobado,2025-01-13,2025-03-23,41787.77,Salta,111,38498673,Tiziano,Roldan,1985-01-18,olivia21@example.net,+54 9 3701 6315,Mendoza,Avenida Alem N° 847
1439,43373732,Certificado De Residencia,En revisión,2025-05-12,,0.0,Santa Fe,16,43373732,Nicolas,Flores,1936-04-30,,+54 15 2159 8262,Misiones,Camino  Santa Fe N° 4045
1440,39298586,Alta De Comercio,Observado,2024-01-07,2024-08-08,0.0,Santa Fe,347,39298586,Julieta,Diaz,1939-01-22,sosathiago-benjamin@example.net,+54 15 2228 0156,Buenos Aires,Calle Entre Ríos N° 615
1441,43508798,Alta De Comercio,Rechazado,2024-01-20,2024-02-13,24525.96,Neuquén,446,43508798,Juan Ignacio,Paz,2043-02-17,santino62@example.org,+54 15 2503 6625,Tucumán,Camino 7 N° 813
1442,23102576,Reclamo Administrativo,En revisión,2023-08-10,,45306.04,Mendoza,143,23102576,Valentino,Paz,1962-10-19,nunezvalentina@example.org,+54 15 2213 7215,Entre Ríos,Av. 3 N° 8616
1443,31795578,Reclamo Administrativo,En revisión,2024-02-06,,42992.67,Salta,182,31795578,Renata,Quiroga,1990-06-04,valentina-jazmin85@example.net,+54 15 2333 9452,Tucumán,Diagonal La Pampa N° 958
1444,44378968,Renovación De Licencia,En revisión,2025-05-23,,42030.58,Misiones,227,44378968,Luciano,Sosa,1945-06-17,suarezsimon@example.com,+54 9 3839 2855,Tucumán,Diag. San Miguel de Tucumán N° 9231
1445,21798822,Inscripción Registral,Aprobado,2025-04-04,2025-12-06,0.0,Neuquén,47,21798822,Sofía,Sosa,1982-05-02,agostina21@example.net,+54 15 2247 0952,Mendoza,Avenida J.B. Alberdi N° 39
1446,38272481,Cambio De Domicilio,Iniciado,2025-04-22,,31140.26,Chaco,50,38272481,Valentino,Acosta,1984-07-27,ununez@example.org,+54 9 3617 9640,Tucumán,Av. 4 N° 9165
1447,42855046,Baja De Comercio,Observado,2024-07-04,2024-04-15,0.0,Entre Ríos,87,42855046,Francesca,Rios,1997-02-19,bianca88@example.com,,Chaco,  Diagonal Alvear N° 895  
1448,21237409,Inscripción Registral,Aprobado,2024-10-04,2025-02-01,29178.67,Santa Fe,386,21237409,Felipe,Moyano,1959-09-25,nchavez@example.com,,Tucumán,  Avenida Córdoba N° 93  
1449,37586469,Cambio De Domicilio,Iniciado,2025-08-22,,4600.77,Chaco,233,37586469,Benjamin,Gonzalez,1956-05-23,gutierrezpriscila@example.com,+54 15 2943 3504,Sin dato,Av. San Luis N° 18
1450,21566198,Solicitud De Subsidio,Observado,2025-05-11,2025-11-15,22474.93,Córdoba,477,21566198,Alfonsina,Maldonado,2068-06-06,camposvalentina@example.com,+54 9 3398 5601,Córdoba,Av. Saavedra N° 461
1451,30053260,Alta De Comercio,Aprobado,2025-01-19,2025-02-14,21681.46,Salta,303,30053260,Lucas,Medina,2037-01-08,fernandezjulieta@example.net,+54 9 3114 6273,Salta,Avenida  2 N° 857
1452,43012830,Reclamo Administrativo,Iniciado,2025-12-25,,1811.88,Misiones,349,43012830,Paulina,Aguirre,1999-04-03,lararomero@example.org,+54 15 2637 6037,Chaco,Calle Córdoba N° 646
1453,31523859,Reclamo Administrativo,Aprobado,2024-02-21,2024-04-23,0.0,Córdoba,89,31523859,Luna,Ponce,1940-03-03,maximocastro@example.net,+54 9 3686 5278,Salta,Diagonal  Tucumán N° 844
1454,40774671,Certificado De Residencia,Rechazado,2025-11-20,2026-09-02,0.0,Mendoza,401,40774671,Camila,Lopez,1967-05-11,ycoronel@example.com,+54 15 2366 1498,Córdoba,Calle Mendoza N° 577
1455,20524985,Alta De Comercio,En revisión,2025-11-04,,0.0,Misiones,139,20524985,Benjamin,Ramirez,1952-08-19,juan-manuel05@example.org,,Chaco,Blv. Saavedra N° 114
1456,43029703,Alta De Comercio,Observado,2023-06-04,2023-05-24,0.0,Buenos Aires,292,43029703,Francesco,Torres,1969-08-07,guzmanbautista@example.net,,Entre Ríos,Avenida Santiago del Estero N° 61
1457,20819580,Cambio De Domicilio,En revisión,2023-04-10,,0.0,Santa Fe,30,20819580,Lucia,Benitez,1989-11-03,mora87@example.com,+54 9 3894 5314,Salta,Av.  7 N° 637
1458,30663126,Reclamo Administrativo,Rechazado,2023-11-04,2023-05-26,48559.49,Misiones,266,30663126,Clara,Cabrera,1972-11-19,elenarodriguez@example.net,+54 15 2408 5140,Entre Ríos,Av. Salta N° 776
1459,38416387,Certificado De Residencia,Iniciado,2023-09-26,,28721.17,Entre Ríos,265,38416387,Catalina,Maldonado,2000-05-24,navarroantonella@example.com,+54 9 3669 9733,Mendoza,Diagonal San Juan N° 626
1460,39966486,Solicitud De Subsidio,Observado,2025-06-28,2025-07-16,8601.54,Tucumán,216,39966486,Benicio,Peralta,1971-03-19,ypaez@example.net,+54 9 3772 2569,Buenos Aires,Calle Saavedra N° 655
1461,42619728,Cambio De Domicilio,Rechazado,2024-11-22,2025-01-18,24648.66,Entre Ríos,189,42619728,Julia,Morales,2051-05-01,santino-ezequielflores@example.org,+54 15 2686 1207,Buenos Aires,Calle 3 N° 4851
1462,37526985,Cambio De Domicilio,En revisión,2023-04-13,,33795.74,Salta,354,37526985,Lautaro  Nahuel,Cordoba,2007-10-28,lautarogarcia@example.net,+54 15 2468 3158,Sin dato,Avenida Belgrano N° 77
1463,24884998,Solicitud De Subsidio,Rechazado,2024-02-20,2024-03-25,14294.76,Tucumán,481,24884998,Morena,Moreno,2002-02-02,maria-luz10@example.org,+54 15 2302 1563,Neuquén,Diagonal 6 N° 1850
1464,23486549,Baja De Comercio,Iniciado,2024-01-05,,47949.41,Neuquén,377,23486549,Benjamin,Sosa,1976-02-13,juanadiaz@example.net,+54 9 3400 3342,Mendoza,Diagonal G. Brown N° 4312
1465,44756404,Inscripción Registral,Aprobado,2024-10-22,2024-12-11,43385.22,Chaco,429,44756404,Priscila,Dominguez,2002-10-27,cabreraciro-benjamin@example.net,+54 15 2121 5285,Córdoba,Avenida Formosa N° 9523
1466,33429675,Cambio De Domicilio,Rechazado,2024-05-28,2024-06-20,0.0,Tucumán,428,33429675,Alexander,Cordoba,2036-05-28,uperalta@example.org,+54 9 3478 8160,Chaco,Diagonal  Alvear N° 648
1467,27561308,Solicitud De Subsidio,Iniciado,2023-12-20,,0.0,Mendoza,142,27561308,Delfina,Mendez,1946-06-14,leonruiz@example.org,+54 9 3942 0678,Entre Ríos,Av. Santa Fe N° 1140
1468,33081068,Renovación De Licencia,Rechazado,2024-08-28,2024-10-27,36290.46,Santa Fe,300,33081068,Catalina,Rodriguez,1982-06-10,,+54 15 2418 7186,Entre Ríos,Diagonal Salta N° 3576
1469,37939081,Solicitud De Subsidio,Iniciado,2025-09-02,,0.0,Neuquén,383,37939081,Santino,Rodriguez,1938-06-02,ignacioperalta@example.com,+54 9 3143 9284,Tucumán,Avenida G. Brown N° 1686
1470,41168616,Baja De Comercio,En revisión,2024-09-05,,22513.02,Santa Fe,543,41168616,Benjamin,Ramirez,1946-08-07,toledobenjamin@example.net,+54 15 2131 8751,Neuquén,Av. Catamarca N° 468
1471,43404163,Inscripción Registral,Observado,2024-03-11,2025-01-02,20309.95,Buenos Aires,58,43404163,Thiago Valentin,Diaz,2066-10-04,mateo45@example.net,+54 15 2502 2901,Santa Fe,  Av. Viedma N° 494  
1472,27795636,Baja De Comercio,En revisión,2023-04-14,,0.0,Santa Fe,405,27795636,Milagros,Alvarez,2058-08-02,ucardozo@example.org,+54 15 2595 2436,Tucumán,Calle 8 N° 27
1473,20174322,Renovación De Licencia,Iniciado,2025-01-18,,6761.76,Misiones,156,20174322,Santino Agustin,Acosta,2004-11-27,renzocordoba@example.org,,Misiones,Diagonal Santa Fe N° 79
1474,32707485,Cambio De Domicilio,En revisión,2024-11-10,,33946.91,Misiones,209,32707485,Matilda,Soto,1969-02-13,bescobar@example.com,+54 15 2741 6335,Córdoba,Av. San Martin N° 445
1475,27544493,Cambio De Domicilio,Observado,2025-01-09,2025-03-28,0.0,Tucumán,171,27544493,Juan Ignacio,Perez,1986-11-11,julianamorales@example.com,+54 9 3718 4992,Entre Ríos,Calle Alvear N° 242
1476,43508798,Reclamo Administrativo,Observado,2023-01-31,2023-02-18,0.0,Neuquén,446,43508798,Juan Ignacio,Paz,2043-02-17,santino62@example.org,+54 15 2503 6625,Tucumán,Camino 7 N° 813
1477,34327185,Cambio De Domicilio,Iniciado,2024-07-08,,41331.07,Buenos Aires,379,34327185,Geronimo,Lopez,1963-03-27,josefina63@example.org,+54 15 2584 2530,Santa Fe,Camino Mitre N° 8321
1478,24806722,Solicitud De Subsidio,Iniciado,2023-03-17,,24022.08,Misiones,80,24806722,Renzo,Moreno,2068-06-22,valentino89@example.org,+54 15 2568 0182,Entre Ríos,Avenida 4 N° 528
1479,25703704,Solicitud De Subsidio,Observado,2023-07-18,2023-07-25,0.0,Córdoba,62,25703704,Felipe,Diaz,1979-08-08,lopezthiago-nahuel@example.com,+54 9 3699 7995,Tucumán,Calle 8 N° 146
1480,21693022,Inscripción Registral,Rechazado,2023-10-28,2023-12-17,9951.14,Córdoba,357,21693022,Dylan Ezequiel,Sanchez,2071-05-02,valentinonunez@example.org,+54 9 3943 2701,Mendoza,Camino Santa Rosa N° 864
1481,25428943,Certificado De Residencia,Observado,2024-10-09,2024-12-02,10255.71,Buenos Aires,282,25428943,Ambar,Herrera,2002-08-23,martinezlara@example.org,+54 15 2204 1792,Chaco,Calle  J.M. de Rosas N° 492
1482,27918690,Reclamo Administrativo,Rechazado,2025-05-27,2025-08-02,24609.38,Misiones,106,27918690,Ignacio,Alvarez,1996-06-17,rmolina@example.com,,Santa Fe,Av. San Juan N° 1028
1483,38108559,Baja De Comercio,Iniciado,2024-08-09,,20537.52,Misiones,269,38108559,Renata,Molina,1962-05-31,ortizfederico@example.org,+54 9 3212 8478,Mendoza,Diagonal Entre Ríos N° 951
1484,44561343,Alta De Comercio,Rechazado,2025-04-03,2025-02-06,49057.15,Salta,210,44561343,Catalina,Peralta,1995-07-26,castrojoaquin@example.com,+54 9 3439 4237,Buenos Aires,Avenida 5 N° 44
1485,40648640,Certificado De Residencia,Iniciado,2023-05-10,,18134.27,Misiones,116,40648640,Thiago,Maldonado,1964-04-23,soriasofia@example.net,+54 15 2280 7374,Misiones,Diagonal J.B. Alberdi N° 524
1486,39221146,Certificado De Residencia,En revisión,2023-09-05,,43309.46,Misiones,207,39221146,Benicio,Ferreyra,2006-06-11,francofausto@example.com,+54 9 3269 3801,Mendoza,Diagonal San Juan N° 5545
1487,32799176,Inscripción Registral,Aprobado,2024-07-19,2024-08-13,35426.67,Mendoza,213,32799176,Mora,Perez,1975-09-02,thiago-benjamincampos@example.com,+54 9 3627 6365,Córdoba,Avenida Saavedra N° 492
1488,41550706,Baja De Comercio,En revisión,2023-10-07,,19700.87,Córdoba,374,41550706,Benicio,Suarez,1980-12-12,emmafigueroa@example.org,+54 15 2949 6854,Chaco,Calle Güemes N° 641
1489,41120515,Alta De Comercio,Rechazado,2024-09-05,2024-06-21,21673.97,Mendoza,480,41120515,Emilia,Mansilla,2065-11-01,romerobenjamin@example.com,+54 15 2264 4556,Misiones,Avenida  Santa Cruz N° 58
1490,25482877,Cambio De Domicilio,En revisión,2025-07-23,,9349.09,Salta,5,25482877,Antonio,Moreno,1946-01-20,emmacastro@example.com,,Entre Ríos,  Calle 2 N° 37  
1491,43148116,Alta De Comercio,Observado,2023-02-13,2023-07-05,16336.79,Entre Ríos,11,43148116,Micaela,Mendez,1942-10-09,martingabriel@example.org,,Buenos Aires,Blv. Córdoba N° 7794
1492,23152784,Renovación De Licencia,Rechazado,2024-10-20,2024-11-03,26990.96,Chaco,308,23152784,Helena,Vargas,1941-04-19,cnavarro@example.org,+54 15 2508 9071,Mendoza,  Avenida 1 N° 4149  
1493,36622325,Cambio De Domicilio,Iniciado,2024-12-04,,39771.23,Córdoba,129,36622325,Mateo,Soria,2055-08-18,valentina52@example.org,+54 9 3443 6110,Chaco,  Calle Comodoro Rivadavia N° 171  
1494,41585871,Certificado De Residencia,Observado,2025-01-22,2025-03-01,0.0,Chaco,124,41585871,Emilia,Vargas,1976-01-12,hmolina@example.net,+54 15 2948 5807,Chaco,Av. 4 N° 850
1495,39759241,Solicitud De Subsidio,En revisión,2025-11-26,,0.0,Mendoza,85,39759241,Mateo Benjamin,Farias,1967-01-31,ian-benjamin65@example.org,,Misiones,Av. 9 N° 239
1496,35501353,Certificado De Residencia,Aprobado,2023-03-26,2023-06-19,34053.86,Chaco,54,35501353,Juan Cruz,Fernandez,1944-01-11,olivia98@example.com,+54 9 3489 6118,Tucumán,Camino Santa Rosa N° 777
1497,38498673,Reclamo Administrativo,Rechazado,2024-11-06,2024-07-28,38598.43,Buenos Aires,111,38498673,Tiziano,Roldan,1985-01-18,olivia21@example.net,+54 9 3701 6315,Mendoza,Avenida Alem N° 847
1498,39832095,Renovación De Licencia,Observado,2023-09-30,2023-10-31,8493.11,Tucumán,387,39832095,Martina,Ledesma,1971-04-18,sofiabustos@example.com,+54 9 3133 4817,Salta,Calle Paraná N° 3626
1499,27561308,Cambio De Domicilio,Rechazado,2024-02-29,2024-05-27,0.0,Córdoba,142,27561308,Delfina,Mendez,1946-06-14,leonruiz@example.org,+54 9 3942 0678,Entre Ríos,Av. Santa Fe N° 1140
1500,38416387,Renovación De Licencia,En revisión,2025-03-26,,0.0,Mendoza,265,38416387,Catalina,Maldonado,2000-05-24,navarroantonella@example.com,+54 9 3669 9733,Mendoza,Diagonal San Juan N° 626
